t,d,spd_lim,tfc_flw,traf_lig,tfc_sgn,toll_booth,curvature,slope,velocity_kmh_raw
18,353.1818,90,80,0,0,0,0.0242033,-0.2047869,3
19,354.4318,90,80,0,0,0,0.0246951,-0.2014588,6
20,356.0984667,90,80,0,0,0,0.024912,-0.2010732,6
21,357.7651333,90,80,0,0,0,0.0246159,-0.2067695,6
22,359.5706889,90,79,0,0,0,0.0237166,-0.2211359,7
23,361.5151333,90,79,0,0,0,0.0221904,-0.243807,7
24,363.4595778,90,79,0,0,0,0.0202587,-0.2697603,7
25,365.4040222,90,79,0,0,0,0.018099,-0.2947037,7
26,367.3484667,90,79,0,0,0,0.0158887,-0.3143451,7
27,369.2929111,90,80,0,0,0,0.0137947,-0.3248033,7
28,371.0984667,90,80,0,0,0,0.0120073,-0.3264482,6
29,372.7651333,90,80,0,0,0,0.0104899,-0.3229251,6
30,374.4318,90,80,0,0,0,0.0090974,-0.3162701,6
31,376.3762444,90,80,0,0,0,0.0076278,-0.3067649,8
32,378.5984667,90,79,0,0,0,0.0061483,-0.2968108,8
33,380.9595778,90,79,0,0,0,0.0048044,-0.289464,9
34,383.5984667,90,79,0,0,0,0.0035725,-0.2841591,10
35,386.3762444,90,79,0,0,0,0.0025737,-0.2802131,10
36,389.1540222,90,80,0,0,0,0.0018687,-0.2761594,10
37,392.0706889,90,80,0,0,0,0.0013971,-0.270862,11
38,395.2651333,90,80,0,0,0,0.0010815,-0.2643876,12
39,398.5984667,90,79,0,0,0,0.0008363,-0.2576624,12
40,402.0706889,90,79,0,0,0,0.0005514,-0.2513239,13
41,405.8206889,90,79,0,0,0,0.0001981,-0.2451176,14
42,409.7095778,90,80,0,0,0,-0.000205,-0.2390659,14
43,413.7373555,90,80,0,0,0,-0.0006397,-0.2330482,15
44,418.0429111,90,80,0,0,0,-0.0010847,-0.227044,16
45,422.6262444,90,79,0,0,0,-0.0015088,-0.2211466,17
46,427.4873555,90,79,0,0,0,-0.001992,-0.2142744,18
47,432.6262444,90,80,0,0,0,-0.0026477,-0.2045821,19
48,438.0429111,90,80,0,0,0,-0.0033019,-0.1902823,20
49,443.4595778,90,79,0,0,0,-0.0036387,-0.1708148,19
50,448.5984667,90,80,0,0,0,-0.0036683,-0.1475077,18
51,453.3206889,90,80,0,0,0,-0.0035001,-0.1224398,16
52,457.4873555,90,79,0,0,0,-0.0032173,-0.0985002,14
53,461.3762444,90,79,0,0,0,-0.0028754,-0.0754823,14
54,465.1262444,90,79,0,0,0,-0.0025732,-0.0531995,13
55,468.5984667,90,80,0,0,0,-0.0024033,-0.0328797,12
56,471.6540222,90,80,0,0,0,-0.0022595,-0.0153602,10
57,473.8762444,90,80,0,0,0,-0.0020393,-0.0027951,6
58,474.7095778,90,80,0,0,0,-0.001913,0.0018847,0
59,474.7095778,90,80,0,0,0,-0.001913,0.0018847,0
60,474.7095778,90,80,0,0,0,-0.001913,0.0018847,0
61,474.7095778,90,80,0,0,0,-0.001913,0.0018847,0
62,474.7095778,90,80,0,0,0,-0.001913,0.0018847,0
63,474.7095778,90,80,0,0,0,-0.001913,0.0018847,0
64,474.7095778,90,80,0,0,0,-0.001913,0.0018847,0
65,474.7095778,90,80,0,0,0,-0.001913,0.0018847,0
66,474.7095778,90,80,0,0,0,-0.001913,0.0018847,0
67,474.7095778,90,80,0,0,0,-0.001913,0.0018847,0
68,475.2651333,90,80,0,0,0,-0.0018122,0.0049959,4
69,476.6540222,90,80,0,0,0,-0.0014933,0.0127469,6
70,478.3206889,90,79,0,0,0,-0.0009661,0.0219911,6
71,480.1262444,90,79,0,0,0,-0.0002033,0.031873,7
72,482.3484667,90,79,0,0,0,0.0010264,0.043722,9
73,484.9873555,90,79,0,0,0,0.002933,0.0571357,10
74,487.7651333,90,80,0,0,0,0.0055056,0.0702098,10
75,490.9595778,90,80,0,0,0,0.0096069,0.0840135,13
76,494.8484667,90,80,3,16,0,0.0178695,0.1004198,15
77,499.2929111,90,79,0,0,0,0.0336718,0.1209743,17
78,504.2929111,90,79,0,0,0,0.0471854,0.1501739,19
79,509.4318,90,83,0,0,0,0.0361645,0.188351,18
80,514.5706889,90,83,0,0,0,0.0179252,0.2198632,19
81,519.9873555,50,49,0,0,0,0.0085667,0.2371029,20
82,525.5429111,50,38,4,0,0,0.0039288,0.2490603,20
83,531.0984667,50,38,0,0,0,0.0004718,0.2622707,20
84,536.5151333,50,38,0,0,0,-0.0012568,0.2762533,19
85,541.6540222,50,38,0,0,0,-0.0014561,0.2899519,18
86,546.3762444,50,38,0,0,0,-0.0012237,0.3022939,16
87,550.5429111,50,40,0,0,0,-0.0011257,0.31273,14
88,554.4318,50,44,0,0,0,-0.001095,0.3222528,14
89,558.4595778,50,44,0,0,0,-0.0010513,0.3320966,15
90,562.9040222,50,44,0,0,0,-0.0009772,0.3430582,17
91,567.9040222,50,44,0,0,0,-0.0009141,0.3555701,19
92,573.4595778,50,46,0,0,0,-0.0008857,0.3698517,21
93,579.1540222,50,47,0,0,0,-0.0008242,0.3852189,20
94,584.7095778,50,47,0,0,0,-0.000695,0.4010437,20
95,590.2651333,50,46,0,0,0,-0.000517,0.4174706,20
96,595.8206889,50,46,0,0,0,-0.0003459,0.4329732,20
97,601.0984667,50,47,0,0,0,-0.0002463,0.4449379,18
98,605.9595778,50,49,0,0,0,-0.0001934,0.4530883,17
99,610.6818,50,49,0,0,0,-0.0001437,0.4583055,17
100,615.5429111,50,50,0,0,0,-0.0000694,0.4608172,18
101,620.5429111,50,50,0,0,0,0.0000101,0.4602119,18
102,625.4040222,50,50,0,0,0,0.0000541,0.456339,17
103,629.9873555,50,49,0,0,0,0.0000426,0.4497093,16
104,633.5984667,50,49,0,0,0,0.0000145,0.4429661,10
105,635.5429111,50,49,0,0,0,0.000001,0.4389845,4
106,636.0984667,50,50,0,0,0,-0.0000021,0.4378176,0
107,636.0984667,50,50,0,0,0,-0.0000021,0.4378176,0
108,636.5151333,50,50,0,0,0,-0.0000041,0.4369357,3
109,637.6262444,50,50,0,0,0,-0.0000082,0.4345594,5
110,639.2929111,50,50,0,0,0,-0.0000113,0.4309425,7
111,641.3762444,50,50,0,0,0,-0.0000109,0.4263704,8
112,643.8762444,50,50,0,0,0,-0.000005,0.4208797,10
113,646.6540222,50,50,0,0,0,0.0000065,0.4148801,10
114,649.4318,50,50,0,0,0,0.0000213,0.4091097,10
115,652.7651333,50,49,0,0,0,0.0000402,0.4026738,14
116,656.9318,50,49,0,0,0,0.0000616,0.3958425,16
117,661.7929111,50,49,0,0,0,0.0000771,0.3904757,19
118,667.0706889,50,50,0,0,0,0.0000735,0.3890802,19
119,672.3484667,50,50,0,0,0,0.0000501,0.3927322,19
120,677.7651333,50,50,0,0,0,0.0000265,0.4005106,20
121,683.3206889,50,49,0,0,0,0.0000259,0.4112482,20
122,689.0151333,50,49,0,0,0,0.0000501,0.4234621,21
123,694.7095778,50,49,0,0,0,0.0000754,0.4350663,20
124,700.4040222,50,50,0,0,0,0.0000809,0.4443682,21
125,706.2373555,50,50,0,0,0,0.0000687,0.4507009,21
126,712.0706889,50,49,0,0,0,0.0000501,0.453337,21
127,717.6262444,50,49,0,0,0,0.0000357,0.4533569,19
128,722.7651333,50,49,0,0,0,0.0000308,0.4541144,18
129,727.3484667,50,50,0,0,0,0.0000371,0.4577152,15
130,731.3762444,50,50,0,0,0,0.0000496,0.4640458,14
131,735.1262444,50,50,0,0,0,0.0000622,0.4724515,13
132,738.4595778,50,50,0,0,0,0.00007,0.4818034,11
133,741.5151333,50,49,0,0,0,0.0000716,0.4918137,11
134,744.9873555,50,49,0,0,0,0.0000664,0.5046397,14
135,749.2929111,50,49,0,0,0,0.0000567,0.5221128,17
136,754.4318,50,49,0,0,0,0.0000532,0.5442218,20
137,760.1262444,50,50,0,0,0,0.0000735,0.5688942,21
138,765.8206889,50,50,0,0,0,0.0000966,0.5928451,20
139,771.3762444,50,49,0,0,0,0.0000836,0.6149283,20
140,776.7929111,50,49,0,0,0,0.0000226,0.6348097,19
141,781.9318,50,49,0,0,0,-0.0000377,0.6520882,18
142,786.6540222,50,50,0,0,0,-0.0000536,0.6665871,16
143,790.9595778,50,50,0,0,0,-0.0000198,0.6786933,15
144,794.9873555,50,50,0,0,0,0.0000314,0.6891922,14
145,798.7373555,50,50,0,0,0,0.0000743,0.6983707,13
146,801.9318,50,49,0,0,0,0.000092,0.7058198,10
147,804.1540222,50,49,0,0,0,0.0000908,0.710834,6
148,804.9873555,50,49,0,0,0,0.000088,0.7126821,0
149,804.9873555,50,49,0,0,0,0.000088,0.7126821,0
150,804.9873555,50,49,0,0,0,0.000088,0.7126821,0
151,804.9873555,50,49,0,0,0,0.000088,0.7126821,0
152,804.9873555,50,49,0,0,0,0.000088,0.7126821,0
153,804.9873555,50,49,0,0,0,0.000088,0.7126821,0
154,804.9873555,50,49,0,0,0,0.000088,0.7126821,0
155,804.9873555,50,49,0,0,0,0.000088,0.7126821,0
156,804.9873555,50,49,0,0,0,0.000088,0.7126821,0
157,804.9873555,50,49,0,0,0,0.000088,0.7126821,0
158,804.9873555,50,49,0,0,0,0.000088,0.7126821,0
159,804.9873555,50,49,0,0,0,0.000088,0.7126821,0
160,804.9873555,50,49,0,0,0,0.000088,0.7126821,0
161,804.9873555,50,49,0,0,0,0.000088,0.7126821,0
162,804.9873555,50,49,0,0,0,0.000088,0.7126821,0
163,804.9873555,50,49,0,0,0,0.000088,0.7126821,0
164,804.9873555,50,49,0,0,0,0.000088,0.7126821,0
165,804.9873555,50,49,0,0,0,0.000088,0.7126821,0
166,804.9873555,50,49,0,0,0,0.000088,0.7126821,0
167,804.9873555,50,49,0,0,0,0.000088,0.7126821,0
168,804.9873555,50,49,0,0,0,0.000088,0.7126821,0
169,804.9873555,50,49,0,0,0,0.000088,0.7126821,0
170,804.9873555,50,49,0,0,0,0.000088,0.7126821,0
171,804.9873555,50,49,0,0,0,0.000088,0.7126821,0
172,804.9873555,50,49,0,0,0,0.000088,0.7126821,0
173,804.9873555,50,49,0,0,0,0.000088,0.7126821,0
174,804.9873555,50,49,0,0,0,0.000088,0.7126821,0
175,804.9873555,50,49,0,0,0,0.000088,0.7126821,0
176,804.9873555,50,49,0,0,0,0.000088,0.7126821,0
177,804.9873555,50,49,0,0,0,0.000088,0.7126821,0
178,804.9873555,50,49,0,0,0,0.000088,0.7126821,0
179,804.9873555,50,49,0,0,0,0.000088,0.7126821,0
180,804.9873555,50,49,0,0,0,0.000088,0.7126821,0
181,804.9873555,50,49,0,0,0,0.000088,0.7126821,0
182,804.9873555,50,49,0,0,0,0.000088,0.7126821,0
183,804.9873555,50,49,0,0,0,0.000088,0.7126821,0
184,804.9873555,50,49,0,0,0,0.000088,0.7126821,0
185,804.9873555,50,49,0,0,0,0.000088,0.7126821,0
186,804.9873555,50,49,0,0,0,0.000088,0.7126821,0
187,804.9873555,50,49,0,0,0,0.000088,0.7126821,0
188,804.9873555,50,49,0,0,0,0.000088,0.7126821,0
189,804.9873555,50,49,0,0,0,0.000088,0.7126821,0
190,804.9873555,50,49,0,0,0,0.000088,0.7126821,0
191,804.9873555,50,49,0,0,0,0.000088,0.7126821,0
192,804.9873555,50,49,0,0,0,0.000088,0.7126821,0
193,804.9873555,50,49,0,0,0,0.000088,0.7126821,0
194,804.9873555,50,49,0,0,0,0.000088,0.7126821,0
195,804.9873555,50,49,0,0,0,0.000088,0.7126821,0
196,804.9873555,50,49,0,0,0,0.000088,0.7126821,0
197,804.9873555,50,49,0,0,0,0.000088,0.7126821,0
198,804.9873555,50,49,0,0,0,0.000088,0.7126821,0
199,804.9873555,50,49,0,0,0,0.000088,0.7126821,0
200,804.9873555,50,49,0,0,0,0.000088,0.7126821,0
201,804.9873555,50,49,0,0,0,0.000088,0.7126821,0
202,804.9873555,50,49,0,0,0,0.000088,0.7126821,0
203,804.9873555,50,49,0,0,0,0.000088,0.7126821,0
204,804.9873555,50,49,0,0,0,0.000088,0.7126821,0
205,804.9873555,50,49,0,0,0,0.000088,0.7126821,0
206,804.9873555,50,49,0,0,0,0.000088,0.7126821,0
207,804.9873555,50,49,0,0,0,0.000088,0.7126821,0
208,804.9873555,50,49,0,0,0,0.000088,0.7126821,0
209,804.9873555,50,49,0,0,0,0.000088,0.7126821,0
210,804.9873555,50,49,0,0,0,0.000088,0.7126821,0
211,804.9873555,50,49,0,0,0,0.000088,0.7126821,0
212,804.9873555,50,49,0,0,0,0.000088,0.7126821,0
213,804.9873555,50,49,0,0,0,0.000088,0.7126821,0
214,804.9873555,50,49,0,0,0,0.000088,0.7126821,0
215,804.9873555,50,49,0,0,0,0.000088,0.7126821,0
216,804.9873555,50,49,0,0,0,0.000088,0.7126821,0
217,804.9873555,50,49,0,0,0,0.000088,0.7126821,0
218,804.9873555,50,49,0,0,0,0.000088,0.7126821,0
219,804.9873555,50,49,0,0,0,0.000088,0.7126821,0
220,804.9873555,50,49,0,0,0,0.000088,0.7126821,0
221,804.9873555,50,49,0,0,0,0.000088,0.7126821,0
222,804.9873555,50,49,0,0,0,0.000088,0.7126821,0
223,804.9873555,50,49,0,0,0,0.000088,0.7126821,0
224,804.9873555,50,49,0,0,0,0.000088,0.7126821,0
225,804.9873555,50,49,0,0,0,0.000088,0.7126821,0
226,804.9873555,50,49,0,0,0,0.000088,0.7126821,0
227,804.9873555,50,49,0,0,0,0.000088,0.7126821,0
228,804.9873555,50,49,0,0,0,0.000088,0.7126821,0
229,804.9873555,50,49,0,0,0,0.000088,0.7126821,0
230,804.9873555,50,49,0,0,0,0.000088,0.7126821,0
231,804.9873555,50,49,0,0,0,0.000088,0.7126821,0
232,804.9873555,50,49,0,0,0,0.000088,0.7126821,0
233,804.9873555,50,49,0,0,0,0.000088,0.7126821,0
234,804.9873555,50,49,0,0,0,0.000088,0.7126821,0
235,804.9873555,50,49,0,0,0,0.000088,0.7126821,0
236,804.9873555,50,49,0,0,0,0.000088,0.7126821,0
237,804.9873555,50,49,0,0,0,0.000088,0.7126821,0
238,804.9873555,50,49,0,0,0,0.000088,0.7126821,0
239,804.9873555,50,49,0,0,0,0.000088,0.7126821,0
240,804.9873555,50,49,0,0,0,0.000088,0.7126821,0
241,804.9873555,50,49,0,0,0,0.000088,0.7126821,0
242,804.9873555,50,49,0,0,0,0.000088,0.7126821,0
243,804.9873555,50,49,0,0,0,0.000088,0.7126821,0
244,804.9873555,50,49,0,0,0,0.000088,0.7126821,0
245,804.9873555,50,49,0,0,0,0.000088,0.7126821,0
246,804.9873555,50,49,0,0,0,0.000088,0.7126821,0
247,804.9873555,50,49,0,0,0,0.000088,0.7126821,0
248,804.9873555,50,49,0,0,0,0.000088,0.7126821,0
249,804.9873555,50,49,0,0,0,0.000088,0.7126821,0
250,804.9873555,50,49,0,0,0,0.000088,0.7126821,0
251,804.9873555,50,49,0,0,0,0.000088,0.7126821,0
252,804.9873555,50,49,0,0,0,0.000088,0.7126821,0
253,804.9873555,50,49,0,0,0,0.000088,0.7126821,0
254,804.9873555,50,49,0,0,0,0.000088,0.7126821,0
255,804.9873555,50,49,0,0,0,0.000088,0.7126821,0
256,804.9873555,50,49,0,0,0,0.000088,0.7126821,0
257,804.9873555,50,49,0,0,0,0.000088,0.7126821,0
258,804.9873555,50,49,0,0,0,0.000088,0.7126821,0
259,804.9873555,50,49,0,0,0,0.000088,0.7126821,0
260,804.9873555,50,49,0,0,0,0.000088,0.7126821,0
261,804.9873555,50,49,0,0,0,0.000088,0.7126821,0
262,804.9873555,50,49,0,0,0,0.000088,0.7126821,0
263,804.9873555,50,49,0,0,0,0.000088,0.7126821,0
264,804.9873555,50,49,0,0,0,0.000088,0.7126821,0
265,804.9873555,50,49,0,0,0,0.000088,0.7126821,0
266,804.9873555,50,49,0,0,0,0.000088,0.7126821,0
267,804.9873555,50,49,0,0,0,0.000088,0.7126821,0
268,804.9873555,50,49,0,0,0,0.000088,0.7126821,0
269,804.9873555,50,49,0,0,0,0.000088,0.7126821,0
270,804.9873555,50,49,0,0,0,0.000088,0.7126821,0
271,804.9873555,50,49,0,0,0,0.000088,0.7126821,0
272,804.9873555,50,49,0,0,0,0.000088,0.7126821,0
273,804.9873555,50,49,0,0,0,0.000088,0.7126821,0
274,804.9873555,50,49,0,0,0,0.000088,0.7126821,0
275,804.9873555,50,49,0,0,0,0.000088,0.7126821,0
276,804.9873555,50,49,0,0,0,0.000088,0.7126821,0
277,804.9873555,50,49,0,0,0,0.000088,0.7126821,0
278,804.9873555,50,49,0,0,0,0.000088,0.7126821,0
279,804.9873555,50,49,0,0,0,0.000088,0.7126821,0
280,804.9873555,50,49,0,0,0,0.000088,0.7126821,0
281,804.9873555,50,49,0,0,0,0.000088,0.7126821,0
282,804.9873555,50,49,0,0,0,0.000088,0.7126821,0
283,804.9873555,50,49,0,0,0,0.000088,0.7126821,0
284,804.9873555,50,49,0,0,0,0.000088,0.7126821,0
285,804.9873555,50,49,0,0,0,0.000088,0.7126821,0
286,804.9873555,50,49,0,0,0,0.000088,0.7126821,0
287,804.9873555,50,49,0,0,0,0.000088,0.7126821,0
288,804.9873555,50,49,0,0,0,0.000088,0.7126821,0
289,804.9873555,50,49,0,0,0,0.000088,0.7126821,0
290,804.9873555,50,49,0,0,0,0.000088,0.7126821,0
291,804.9873555,50,49,0,0,0,0.000088,0.7126821,0
292,804.9873555,50,49,0,0,0,0.000088,0.7126821,0
293,804.9873555,50,49,0,0,0,0.000088,0.7126821,0
294,804.9873555,50,49,0,0,0,0.000088,0.7126821,0
295,804.9873555,50,49,0,0,0,0.000088,0.7126821,0
296,804.9873555,50,49,0,0,0,0.000088,0.7126821,0
297,804.9873555,50,49,0,0,0,0.000088,0.7126821,0
298,804.9873555,50,49,0,0,0,0.000088,0.7126821,0
299,804.9873555,50,49,0,0,0,0.000088,0.7126821,0
300,804.9873555,50,49,0,0,0,0.000088,0.7126821,0
301,804.9873555,50,49,0,0,0,0.000088,0.7126821,0
302,804.9873555,50,49,0,0,0,0.000088,0.7126821,0
303,804.9873555,50,49,0,0,0,0.000088,0.7126821,0
304,804.9873555,50,49,0,0,0,0.000088,0.7126821,0
305,804.9873555,50,49,0,0,0,0.000088,0.7126821,0
306,804.9873555,50,49,0,0,0,0.000088,0.7126821,0
307,804.9873555,50,49,0,0,0,0.000088,0.7126821,0
308,804.9873555,50,49,0,0,0,0.000088,0.7126821,0
309,804.9873555,50,49,0,0,0,0.000088,0.7126821,0
310,804.9873555,50,49,0,0,0,0.000088,0.7126821,0
311,804.9873555,50,49,0,0,0,0.000088,0.7126821,0
312,804.9873555,50,49,0,0,0,0.000088,0.7126821,0
313,804.9873555,50,49,0,0,0,0.000088,0.7126821,0
314,804.9873555,50,49,0,0,0,0.000088,0.7126821,0
315,804.9873555,50,49,0,0,0,0.000088,0.7126821,0
316,804.9873555,50,49,0,0,0,0.000088,0.7126821,0
317,804.9873555,50,49,0,0,0,0.000088,0.7126821,0
318,804.9873555,50,49,0,0,0,0.000088,0.7126821,0
319,804.9873555,50,49,0,0,0,0.000088,0.7126821,0
320,804.9873555,50,49,0,0,0,0.000088,0.7126821,0
321,804.9873555,50,49,0,0,0,0.000088,0.7126821,0
322,804.9873555,50,49,0,0,0,0.000088,0.7126821,0
323,804.9873555,50,49,0,0,0,0.000088,0.7126821,0
324,804.9873555,50,49,0,0,0,0.000088,0.7126821,0
325,804.9873555,50,49,0,0,0,0.000088,0.7126821,0
326,804.9873555,50,49,0,0,0,0.000088,0.7126821,0
327,804.9873555,50,49,0,0,0,0.000088,0.7126821,0
328,804.9873555,50,49,0,0,0,0.000088,0.7126821,0
329,804.9873555,50,49,0,0,0,0.000088,0.7126821,0
330,804.9873555,50,49,0,0,0,0.000088,0.7126821,0
331,804.9873555,50,49,0,0,0,0.000088,0.7126821,0
332,804.9873555,50,49,0,0,0,0.000088,0.7126821,0
333,805.8206889,50,49,0,0,0,0.0000841,0.7145136,6
334,807.9040222,50,49,0,0,0,0.0000705,0.7190241,9
335,810.4040222,50,49,0,0,0,0.0000493,0.72432,9
336,813.3206889,50,49,0,0,0,0.0000227,0.7303603,12
337,816.7929111,50,49,0,0,0,-0.0000043,0.7373945,13
338,820.8206889,50,49,0,0,0,-0.0000166,0.7454009,16
339,825.4040222,50,50,0,0,0,0.0000045,0.7544025,17
340,830.1262444,50,50,0,0,0,0.000045,0.7636684,17
341,834.5706889,50,50,0,0,0,0.0000741,0.7724896,15
342,838.1818,50,49,0,0,0,0.0000751,0.7797963,11
343,840.9595778,50,49,0,0,0,0.0000616,0.7855062,9
344,843.4595778,50,49,0,0,0,0.0000432,0.790697,9
345,846.3762444,50,49,0,0,0,0.0000191,0.7967989,12
346,850.2651333,50,49,0,0,0,-0.0000081,0.8049803,16
347,854.7095778,50,50,0,0,0,-0.0000198,0.8143465,16
348,859.1540222,50,50,0,0,0,-0.0000145,0.8237013,16
349,863.8762444,50,50,0,0,0,-0.0000015,0.8336063,18
350,869.4318,50,50,0,0,0,0.0000068,0.8451823,22
351,875.9595778,50,49,0,0,0,-0.0000129,0.8586258,25
352,883.5984667,50,49,0,0,0,-0.00005,0.8740263,30
353,891.9318,50,50,0,0,0,-0.0000474,0.8902653,30
354,900.2651333,50,50,0,0,0,-0.0000179,0.9059425,30
355,908.5984667,50,46,0,0,0,-0.0000145,0.9211794,30
356,917.0706889,50,40,0,0,0,-0.0000394,0.9363087,31
357,925.6818,50,40,0,0,0,-0.000078,0.9513969,31
358,934.4318,50,40,0,0,0,-0.0001002,0.9665564,32
359,943.3206889,50,40,0,0,0,-0.0000748,0.981935,32
360,952.3484667,50,40,0,0,0,-0.0000564,0.9976388,33
361,961.6540222,50,40,0,0,0,-0.0000921,1.0141277,34
362,971.2373555,50,40,0,0,0,-0.0001218,1.0319433,35
363,981.0984667,50,40,0,0,0,-0.0000773,1.0518659,36
364,991.0984667,50,40,0,0,0,0.0000518,1.0745627,36
365,1000.959578,50,40,0,0,0,0.000232,1.09664,35
366,1010.404022,50,40,0,0,0,0.000424,1.1134886,33
367,1019.292911,50,40,0,0,0,0.0006406,1.125397,31
368,1027.487356,50,40,0,0,0,0.0008794,1.1334259,28
369,1034.709578,50,40,0,0,0,0.00107,1.138337,24
370,1040.542911,50,40,0,0,0,0.0011792,1.1408496,18
371,1044.848467,50,40,0,0,0,0.0012494,1.1417538,13
372,1048.042911,50,40,0,0,0,0.0013069,1.1418335,10
373,1050.959578,50,40,0,0,0,0.0013696,1.1414259,11
374,1054.4318,50,40,0,0,0,0.0014574,1.1402871,14
375,1058.876244,50,40,0,0,0,0.0015761,1.1376727,18
376,1064.4318,50,40,0,0,0,0.0017049,1.1323406,22
377,1070.820689,50,40,0,0,0,0.0017556,1.1237941,24
378,1077.487356,50,40,0,0,0,0.001504,1.1166984,24
379,1084.4318,50,40,0,0,0,0.0008728,1.1142048,26
380,1091.9318,50,40,0,0,0,0.0000434,1.1150186,28
381,1099.848467,50,40,0,0,0,-0.0008455,1.1187502,29
382,1107.904022,50,40,0,0,0,-0.001661,1.1243251,29
383,1116.237356,50,40,0,0,0,-0.0025652,1.130244,31
384,1125.126244,50,40,0,0,0,-0.0039288,1.1356907,33
385,1134.570689,50,40,0,0,0,-0.0050617,1.1405074,35
386,1144.292911,50,40,0,0,0,-0.0065852,1.1445921,35
387,1154.015133,50,40,0,0,0,-0.0079754,1.1478475,35
388,1163.876244,50,40,0,0,0,-0.0092304,1.1503451,36
389,1173.737356,30,30,0,0,0,-0.0084602,1.1518252,35
390,1183.320689,30,30,0,0,0,0.0020276,1.1513626,34
391,1192.487356,30,30,0,0,0,0.0172129,1.1487128,32
392,1201.237356,30,30,0,0,0,0.0259121,1.1437009,31
393,1209.292911,30,30,0,0,0,0.0226618,1.1338938,27
394,1216.515133,30,30,0,0,0,0.0180099,1.1212849,25
395,1223.042911,30,30,0,0,0,0.0175089,1.1082651,22
396,1228.876244,30,30,0,0,0,0.0184417,1.0959441,20
397,1234.4318,30,30,0,0,0,0.0186597,1.0838586,20
398,1240.265133,30,30,0,0,0,0.0168239,1.0709799,22
399,1246.515133,30,30,0,0,0,0.0135345,1.0572663,23
400,1253.1818,30,30,0,0,0,0.0097224,1.0428809,25
401,1260.404022,30,30,0,0,0,0.0058247,1.0274044,27
402,1268.459578,30,30,0,0,0,0.0021578,1.0098396,31
403,1277.626244,40,40,0,0,0,-0.0017809,0.9890661,35
404,1287.487356,40,40,0,0,0,-0.0057863,0.9655474,36
405,1297.487356,40,40,0,0,0,-0.0075949,0.9404414,36
406,1307.765133,40,40,0,0,0,-0.0068806,0.913693,38
407,1318.737356,40,40,0,0,0,-0.0059107,0.8845215,41
408,1330.6818,40,38,0,0,0,-0.0048903,0.8516924,45
409,1343.1818,40,38,0,0,0,-0.0036815,0.8159368,45
410,1355.6818,50,50,0,0,0,-0.0025904,0.7785664,45
411,1368.1818,50,49,0,0,0,-0.0016753,0.7392213,45
412,1380.959578,50,50,0,0,0,-0.0006655,0.6973044,47
413,1394.292911,50,49,0,0,0,0.0003116,0.6520417,49
414,1408.320689,50,49,0,0,0,0.000569,0.6025572,52
415,1423.042911,50,50,0,0,0,0.0005119,0.5493795,54
416,1438.320689,50,49,0,0,0,0.0004053,0.493086,56
417,1453.737356,50,50,0,0,0,0.0003184,0.4357663,55
418,1468.876244,50,49,0,0,0,0.0002064,0.3794756,54
419,1484.015133,50,50,0,0,0,0.000086,0.3239851,55
420,1499.4318,50,49,0,0,0,0.0000458,0.2688919,56
421,1515.126244,50,50,0,0,0,-0.0001305,0.2151401,57
422,1531.098467,50,49,0,0,0,-0.0002135,0.1631937,58
423,1547.209578,50,50,0,0,0,-0.000306,0.1139106,58
424,1563.320689,50,49,0,0,0,-0.0004279,0.0677882,58
425,1579.570689,50,50,0,0,0,-0.0005428,0.0247782,59
426,1595.959578,50,49,0,0,0,-0.0006052,-0.0151851,59
427,1612.487356,50,49,0,0,0,-0.0007148,-0.0521735,60
428,1629.154022,50,49,0,0,0,-0.0008157,-0.0864137,60
429,1645.820689,50,49,0,11,0,-0.0009784,-0.1179266,60
430,1662.487356,30,30,0,0,0,-0.0010453,-0.1473109,60
431,1679.292911,30,30,0,0,0,-0.0022842,-0.1755944,61
432,1696.237356,30,30,0,0,0,-0.0048091,-0.2022722,61
433,1713.042911,30,30,0,0,0,0.0079882,-0.2267176,60
434,1729.4318,30,30,0,0,0,0.0123789,-0.254183,58
435,1745.404022,30,30,0,0,0,0.0015908,-0.2967747,57
436,1760.820689,50,49,0,31,0,-0.0042426,-0.3345438,54
437,1775.265133,50,47,0,0,0,-0.0034616,-0.3685914,50
438,1788.598467,50,48,0,0,0,-0.0027484,-0.4016507,46
439,1800.820689,50,50,0,0,0,-0.0018846,-0.4319545,42
440,1812.209578,50,50,0,0,0,-0.0011119,-0.4590796,40
441,1823.042911,50,49,0,0,0,-0.0004417,-0.4833387,38
442,1833.320689,50,50,0,0,0,-0.0000788,-0.5038327,36
443,1843.042911,50,49,0,0,0,0.0000069,-0.520664,34
444,1852.209578,50,49,0,0,0,0.0000099,-0.5348613,32
445,1860.820689,50,50,0,0,0,-0.0000072,-0.547733,30
446,1868.737356,50,50,0,0,0,-0.0000182,-0.5597132,27
447,1875.6818,50,49,0,0,0,-0.0000104,-0.5702876,23
448,1881.376244,50,49,0,0,0,0.0000045,-0.5778624,18
449,1885.265133,50,49,0,0,0,0.0000109,-0.5813924,10
450,1887.070689,50,49,0,0,0,0.0000112,-0.5823663,3
451,1887.487356,50,50,0,0,0,0.000011,-0.582521,0
452,1887.487356,50,50,0,0,0,0.000011,-0.582521,0
453,1887.487356,50,50,0,0,0,0.000011,-0.582521,0
454,1888.320689,50,50,0,0,0,0.0000101,-0.5827477,6
455,1889.848467,50,50,0,0,0,0.0000074,-0.582887,5
456,1890.542911,50,50,0,0,0,0.0000057,-0.5828367,0
457,1890.542911,50,50,0,0,0,0.0000057,-0.5828367,0
458,1890.542911,50,50,0,0,0,0.0000057,-0.5828367,0
459,1890.542911,50,50,0,0,0,0.0000057,-0.5828367,0
460,1890.542911,50,50,0,0,0,0.0000057,-0.5828367,0
461,1890.542911,50,50,0,0,0,0.0000057,-0.5828367,0
462,1890.542911,50,50,0,0,0,0.0000057,-0.5828367,0
463,1890.542911,50,50,0,0,0,0.0000057,-0.5828367,0
464,1890.542911,50,50,0,0,0,0.0000057,-0.5828367,0
465,1890.542911,50,50,0,0,0,0.0000057,-0.5828367,0
466,1890.542911,50,50,0,0,0,0.0000057,-0.5828367,0
467,1890.959578,50,50,0,0,0,0.0000046,-0.5827736,3
468,1892.626244,50,50,0,0,0,-0.0000006,-0.5822841,9
469,1895.820689,50,50,0,0,0,-0.0000123,-0.5803652,14
470,1899.709578,50,50,0,0,0,-0.0000263,-0.576526,14
471,1904.292911,50,49,0,0,0,-0.0000357,-0.570326,19
472,1910.265133,50,49,0,0,0,-0.0000336,-0.560359,24
473,1917.487356,50,49,0,0,0,-0.0000218,-0.546893,28
474,1925.265133,50,50,0,0,0,-0.0000169,-0.5327139,28
475,1933.042911,50,50,0,0,0,-0.0000277,-0.5201702,28
476,1941.098467,50,50,0,0,0,-0.0000425,-0.5088303,30
477,1949.709578,50,49,0,0,0,-0.0000483,-0.4983626,32
478,1958.598467,50,49,0,0,0,-0.0000457,-0.4891855,32
479,1967.626244,50,50,0,0,0,-0.0000433,-0.481352,33
480,1977.070689,50,50,0,0,0,-0.0000441,-0.4735349,35
481,1987.209578,50,49,0,0,0,-0.000047,-0.4637854,38
482,1998.1818,50,50,0,0,0,-0.000054,-0.4525204,41
483,2009.4318,50,50,0,0,0,-0.000064,-0.4418438,40
484,2020.542911,50,49,0,0,0,-0.0000707,-0.4335049,40
485,2031.9318,50,49,0,0,0,-0.0000769,-0.4274892,42
486,2044.015133,50,50,0,0,0,-0.0000867,-0.4234955,45
487,2056.792911,50,49,0,0,0,-0.0000857,-0.4215223,47
488,2070.126244,50,49,0,0,0,-0.0000763,-0.4215491,49
489,2084.015133,50,50,0,0,0,-0.0000971,-0.4235405,51
490,2098.320689,50,49,0,0,0,-0.0001101,-0.4271891,52
491,2113.042911,50,50,0,0,0,-0.0000877,-0.4316887,54
492,2128.042911,50,50,0,0,0,-0.0000637,-0.4356369,54
493,2142.904022,50,49,0,0,0,-0.0000311,-0.4376922,53
494,2157.765133,50,51,0,0,0,0.0000082,-0.4374214,54
495,2172.904022,60,60,0,0,0,0.0000334,-0.4346578,55
496,2188.320689,70,70,0,0,0,0.000037,-0.4291641,56
497,2204.154022,70,70,0,0,0,0.0000894,-0.4208187,58
498,2220.404022,70,70,0,0,0,0.0001209,-0.4096262,59
499,2236.9318,70,70,0,0,0,0.0001319,-0.3959568,60
500,2253.598467,70,70,0,0,0,0.0001925,-0.3805481,60
501,2270.126244,70,70,0,0,0,0.0002245,-0.3646222,59
502,2286.376244,70,70,0,0,0,0.0002436,-0.3496278,58
503,2302.348467,70,70,0,0,0,0.0003004,-0.3362757,57
504,2317.904022,70,70,0,0,0,0.0002688,-0.3246225,55
505,2332.904022,70,70,0,0,0,0.0001,-0.3143086,53
506,2347.209578,70,70,0,0,0,-0.000048,-0.3048983,50
507,2360.542911,70,70,0,0,0,-0.0001736,-0.2959901,46
508,2372.626244,70,70,0,0,0,-0.0002904,-0.2872762,41
509,2383.320689,70,73,0,0,0,-0.0004002,-0.2786138,36
510,2392.487356,70,70,0,0,0,-0.000507,-0.2701864,30
511,2399.709578,70,61,0,0,0,-0.000602,-0.2627899,22
512,2404.987356,50,49,0,0,0,-0.0006703,-0.2570842,16
513,2408.876244,50,49,0,0,0,-0.0007157,-0.252798,12
514,2411.515133,50,48,0,0,0,-0.0007432,-0.2498892,7
515,2412.487356,50,47,0,0,0,-0.0007528,-0.2488276,0
516,2412.904022,50,47,0,0,0,-0.0007569,-0.2483753,3
517,2414.709578,50,47,0,0,0,-0.0007742,-0.2464393,10
518,2418.1818,50,48,0,0,0,-0.0008069,-0.2428707,15
519,2422.348467,50,49,0,0,0,-0.0008482,-0.2389863,15
520,2427.070689,50,50,0,0,0,-0.0009012,-0.2352763,19
521,2433.042911,50,50,0,0,0,-0.0009749,-0.231367,24
522,2439.848467,50,50,0,0,0,-0.0010582,-0.2272422,25
523,2446.792911,50,49,0,0,0,-0.001131,-0.222502,25
524,2454.292911,50,49,0,0,0,-0.0011997,-0.2160925,29
525,2462.904022,50,50,0,0,0,-0.001293,-0.2066117,33
526,2472.765133,50,49,0,0,0,-0.0014407,-0.1927166,38
527,2483.320689,50,50,0,0,0,-0.0015941,-0.1757153,38
528,2493.876244,50,50,0,0,0,-0.0017047,-0.158246,38
529,2504.709578,50,48,0,0,0,-0.001851,-0.1406097,40
530,2516.376244,50,46,0,15,0,-0.0019526,-0.1220652,44
531,2529.154022,50,47,0,0,0,-0.002084,-0.1021974,48
532,2542.904022,50,46,0,0,0,-0.0022309,-0.0813541,51
533,2557.487356,50,46,0,0,0,-0.0022544,-0.0595614,54
534,2572.487356,50,46,0,0,0,0.0015237,-0.0370332,54
535,2587.487356,50,45,0,0,0,0.0078474,-0.0140278,54
536,2602.765133,50,45,0,0,0,0.0063083,0.0088279,56
537,2618.737356,50,45,0,13,0,0.0016824,0.0320063,59
538,2635.542911,50,46,0,0,0,-0.0021996,0.0566378,62
539,2653.042911,50,49,0,0,0,-0.004388,0.0820284,64
540,2671.098467,50,49,0,0,0,-0.0036742,0.107649,66
541,2689.4318,50,49,0,0,0,-0.002716,0.1328564,66
542,2707.626244,50,50,0,0,0,-0.001757,0.1570218,65
543,2725.820689,50,49,0,0,0,-0.0010671,0.1800934,66
544,2744.4318,50,49,0,0,0,-0.0010126,0.2025897,68
545,2763.320689,50,49,0,0,0,-0.0009265,0.2240517,68
546,2782.487356,50,50,0,0,0,-0.0009281,0.244562,70
547,2801.9318,50,49,0,0,0,-0.0008971,0.2638939,70
548,2821.515133,50,50,0,0,0,-0.0008878,0.2818529,71
549,2841.376244,50,49,0,0,0,-0.0008706,0.2985518,72
550,2861.515133,50,50,0,0,0,-0.0008058,0.3138791,73
551,2881.792911,50,47,0,0,0,-0.0008173,0.3276952,73
552,2902.209578,90,73,0,0,0,-0.0007929,0.3399883,74
553,2922.626244,90,81,0,0,0,-0.0007454,0.3506998,73
554,2942.904022,90,79,0,0,0,-0.0006888,0.3598241,73
555,2963.042911,90,80,0,0,0,-0.0007095,0.367474,72
556,2982.904022,90,79,0,0,0,-0.0006814,0.3737649,71
557,3002.626244,90,80,0,0,0,-0.0006258,0.3789329,71
558,3022.209578,90,79,0,0,0,-0.0006552,0.3831511,70
559,3041.515133,90,80,0,0,0,-0.0006617,0.38661,69
560,3060.542911,90,79,0,0,0,-0.0006902,0.3895116,68
561,3079.292911,90,80,0,0,0,-0.0007017,0.3920201,67
562,3097.765133,90,79,0,0,0,-0.000698,0.3942884,66
563,3115.959578,90,80,0,0,0,-0.000754,0.39646,65
564,3133.737356,90,79,0,0,0,-0.0007757,0.398651,63
565,3151.098467,90,80,0,0,0,-0.00075,0.4009664,62
566,3168.1818,90,79,0,0,0,-0.0008021,0.4034865,61
567,3184.987356,90,79,0,0,0,-0.0008034,0.4062293,60
568,3201.376244,90,80,0,0,0,-0.0008523,0.4091331,58
569,3216.792911,90,79,0,0,0,-0.0008624,0.4120293,53
570,3230.6818,90,80,0,0,0,-0.0008628,0.4147253,47
571,3242.765133,90,80,0,0,0,-0.0009118,0.417084,40
572,3252.626244,90,79,0,0,0,-0.000935,0.4189704,31
573,3260.126244,90,79,0,0,0,-0.000933,0.4203736,23
574,3265.820689,90,79,0,0,0,-0.0009289,0.421427,18
575,3270.820689,90,80,0,0,0,-0.0009286,0.4223465,18
576,3275.820689,90,80,0,0,0,-0.0009329,0.4232546,18
577,3281.098467,90,80,0,0,0,-0.0009413,0.424187,20
578,3287.209578,90,80,0,0,0,-0.0009549,0.4252139,24
579,3294.154022,90,79,0,0,0,-0.000973,0.4264262,26
580,3301.654022,90,79,0,0,0,-0.0009909,0.4286899,28
581,3309.848467,90,80,0,0,0,-0.0010019,0.4337061,31
582,3318.876244,90,80,0,0,0,-0.0010008,0.4426343,34
583,3328.876244,90,79,0,0,0,-0.0009935,0.4538982,38
584,3339.709578,90,79,0,0,0,-0.0009863,0.4645959,40
585,3351.098467,90,79,0,0,0,-0.000971,0.4727701,42
586,3362.626244,90,80,0,0,0,-0.0009385,0.4770996,41
587,3374.292911,90,80,0,0,0,-0.0008945,0.4788043,43
588,3386.654022,90,79,0,0,0,-0.0008478,0.4798279,46
589,3399.987356,90,80,0,0,0,-0.0008018,0.4811296,50
590,3414.4318,90,80,0,0,0,-0.0007464,0.4830485,54
591,3429.848467,90,80,0,0,0,-0.0006595,0.4853806,57
592,3445.820689,90,80,0,0,0,-0.0006133,0.4877117,58
593,3461.792911,90,80,0,0,0,-0.0005658,0.4894872,57
594,3477.765133,90,80,0,0,0,-0.0004831,0.490321,58
595,3494.154022,90,80,0,0,0,-0.0004629,0.4903241,60
596,3511.237356,90,80,0,0,0,-0.0003421,0.4906864,63
597,3529.015133,90,80,0,0,0,-0.000302,0.4934913,65
598,3547.348467,90,79,0,0,0,-0.0002645,0.4975871,67
599,3566.098467,90,80,0,0,0,-0.0001482,0.5042757,68
600,3584.848467,90,79,0,0,0,-0.0000818,0.5111119,67
601,3603.459578,90,80,0,0,0,-0.0000672,0.5143235,67
602,3622.070689,90,79,0,0,0,-0.0000075,0.5180018,67
603,3640.959578,90,80,0,0,0,0.0000515,0.5249603,69
604,3660.265133,90,79,0,0,0,0,0.5363791,70
605,3679.848467,90,80,0,0,0,0.0000316,0.5529423,71
606,3699.709578,90,79,0,0,0,0.0000032,0.5747954,72
607,3719.848467,90,80,0,0,0,0.0000239,0.6015831,73
608,3740.126244,90,79,0,0,0,-0.0000656,0.6317117,73
609,3760.404022,90,80,0,0,0,0.0000033,0.6623662,73
610,3780.6818,90,79,0,0,0,-0.0000392,0.6910475,73
611,3800.959578,90,79,0,0,0,-0.0000437,0.7157417,73
612,3821.237356,90,80,0,0,0,-0.0000661,0.7358103,73
613,3841.515133,90,79,0,0,0,-0.0000394,0.7498424,73
614,3861.792911,90,80,0,0,0,-0.0000071,0.7572529,73
615,3882.070689,90,79,0,0,0,0.0000276,0.757888,73
616,3902.348467,90,80,0,0,0,0.0000356,0.7516699,73
617,3922.626244,90,79,0,0,0,0.0000669,0.7387569,73
618,3942.904022,90,80,0,0,0,0.0000662,0.7195483,73
619,3963.1818,90,79,0,0,0,0.000095,0.6966229,73
620,3983.459578,90,80,0,0,0,0.000137,0.6741272,73
621,4003.737356,90,79,0,0,0,0.0001284,0.6549198,73
622,4024.154022,90,80,0,0,0,0.0001962,0.6382906,74
623,4044.709578,90,79,0,0,0,0.0002086,0.6143584,74
624,4065.265133,90,79,0,0,0,0.0002137,0.5739462,74
625,4085.820689,90,75,0,0,0,-0.0000715,0.5260297,74
626,4106.376244,90,75,0,0,0,-0.0006884,0.4770914,74
627,4126.9318,40,52,0,0,0,-0.0012453,0.4249627,74
628,4147.487356,40,50,0,0,0,-0.0017763,0.3713439,74
629,4167.904022,40,47,0,0,0,-0.0024341,0.3177306,73
630,4188.1818,40,40,0,0,0,-0.0028125,0.2636089,73
631,4208.459578,40,40,0,0,0,-0.0026084,0.2088189,73
632,4228.737356,40,40,0,0,0,0.0051449,0.1523971,73
633,4249.015133,30,30,0,0,0,0.0174831,0.0953082,73
634,4269.292911,30,30,0,0,0,0.0238821,0.0392886,73
635,4289.570689,30,30,0,0,0,0.0153079,-0.0175191,73
636,4309.848467,30,40,0,0,0,-0.0126274,-0.0761044,73
637,4330.126244,30,40,0,0,0,-0.0020071,-0.1340979,73
638,4350.404022,30,30,0,0,0,-0.0013881,-0.1921916,73
639,4370.6818,30,30,0,11,0,-0.0008662,-0.2499564,73
640,4390.959578,30,30,0,0,0,-0.0003434,-0.3069649,73
641,4411.237356,30,30,0,0,0,0.0000815,-0.3625105,73
642,4431.515133,30,30,0,0,0,0.0005394,-0.4161905,73
643,4451.792911,30,30,0,0,0,0.0006798,-0.4676511,73
644,4472.070689,30,30,0,0,0,0.0007652,-0.5159194,73
645,4492.348467,30,30,0,3,0,0.0008072,-0.5607787,73
646,4512.626244,30,30,0,0,0,0.0008652,-0.6012693,73
647,4532.904022,30,30,0,0,0,0.0009129,-0.6370926,73
648,4553.1818,30,30,0,0,0,0.0010246,-0.6680637,73
649,4573.459578,30,30,0,0,0,0.0010336,-0.6933104,73
650,4593.737356,30,30,0,0,0,0.0011238,-0.7134784,73
651,4614.015133,30,30,0,0,0,0.0011709,-0.7278147,73
652,4634.4318,30,30,0,0,0,0.0012202,-0.7369494,74
653,4654.987356,30,30,0,0,0,0.0011003,-0.7409065,74
654,4675.404022,30,30,0,0,0,0.0000473,-0.7401673,73
655,4695.6818,90,48,0,4,0,-0.0009228,-0.7352194,73
656,4715.959578,90,62,0,0,0,-0.0019703,-0.7275071,73
657,4736.237356,90,60,0,0,0,-0.0006884,-0.717768,73
658,4756.515133,90,60,0,0,0,0.0029758,-0.7080628,73
659,4776.792911,90,60,0,0,0,0.0083811,-0.6989262,73
660,4796.792911,90,60,0,0,0,0.0181219,-0.6909966,71
661,4815.959578,90,45,0,18,0,0.0081615,-0.6825742,67
662,4833.737356,90,50,0,0,0,0.0021744,-0.6797985,61
663,4849.848467,90,52,0,0,0,-0.0018897,-0.6807199,55
664,4864.4318,90,55,0,0,0,-0.0043982,-0.6832156,50
665,4877.904022,90,61,0,0,0,-0.0038427,-0.6866166,47
666,4890.404022,90,61,0,0,0,-0.0028813,-0.6908942,43
667,4901.654022,90,59,0,0,0,-0.001945,-0.6955629,38
668,4911.654022,90,60,0,0,0,-0.0012696,-0.7002803,34
669,4920.6818,90,67,0,0,0,-0.0010323,-0.704957,31
670,4929.154022,90,67,0,25,0,-0.0009683,-0.7096803,30
671,4937.209578,90,67,0,0,0,-0.0008977,-0.7144298,28
672,4944.848467,90,67,0,0,0,-0.000847,-0.7190911,27
673,4952.209578,90,70,0,0,0,-0.0008229,-0.7236054,26
674,4959.292911,90,70,0,0,0,-0.0007946,-0.7277957,25
675,4966.237356,90,70,0,0,0,-0.0007544,-0.731652,25
676,4973.1818,90,70,0,0,0,-0.0007255,-0.7352486,25
677,4980.126244,90,70,0,0,0,-0.0007141,-0.7387606,25
678,4987.348467,90,70,0,0,0,-0.0006796,-0.7429295,27
679,4995.404022,90,70,0,0,0,-0.0005881,-0.7487288,31
680,5004.709578,90,70,0,0,0,-0.0005093,-0.7564997,36
681,5015.265133,90,73,0,0,0,-0.0005098,-0.7656842,40
682,5026.376244,90,73,0,0,0,-0.0004871,-0.7743291,40
683,5037.626244,90,73,0,0,0,-0.0003908,-0.7809048,41
684,5049.4318,90,73,0,0,0,-0.0002921,-0.7849144,44
685,5062.070689,90,73,0,0,0,-0.0002375,-0.7859229,47
686,5075.6818,90,73,0,0,0,-0.0001968,-0.78401,51
687,5090.126244,90,73,0,0,0,-0.0000852,-0.7795943,53
688,5105.265133,90,73,0,0,0,0.0000083,-0.7712816,56
689,5120.820689,90,75,0,3,0,0.0000119,-0.7593198,56
690,5136.376244,90,79,0,0,0,0.0000294,-0.7453074,56
691,5151.9318,90,79,0,0,0,0.0001879,-0.7290599,56
692,5167.765133,90,79,0,0,0,0.0001623,-0.7118355,58
693,5184.015133,90,79,0,0,0,0.0001275,-0.6943056,59
694,5200.542911,90,79,0,0,0,0.0001161,-0.6770536,60
695,5217.487356,90,79,0,0,0,0.0000858,-0.6603102,62
696,5234.709578,90,79,0,0,0,0.0000528,-0.6445251,62
697,5251.9318,90,79,0,0,0,0,-0.6301534,62
698,5269.015133,90,79,0,0,0,-0.0000022,-0.6173836,61
699,5285.959578,90,79,0,0,0,-0.0000015,-0.6061196,61
700,5302.904022,90,79,0,0,0,-0.0000703,-0.5960063,61
701,5319.987356,90,79,0,0,0,-0.0001062,-0.5865748,62
702,5337.070689,90,79,0,0,0,-0.0000882,-0.577341,61
703,5354.015133,90,79,0,0,0,-0.00013,-0.567473,61
704,5370.820689,90,79,0,0,0,-0.0001945,-0.5557799,60
705,5387.209578,90,79,0,0,0,-0.0002009,-0.541608,58
706,5402.626244,90,79,0,0,0,-0.0001636,-0.5260131,53
707,5416.515133,90,79,0,0,0,-0.0001337,-0.5110178,47
708,5428.598467,90,79,0,0,0,-0.0001029,-0.4984146,40
709,5438.737356,90,79,0,0,0,-0.0000709,-0.489861,33
710,5447.070689,90,79,0,0,0,-0.0000435,-0.4853307,27
711,5453.737356,90,79,0,0,0,-0.0000231,-0.4833263,21
712,5458.737356,90,79,0,0,0,-0.00001,-0.4827142,15
713,5462.765133,90,79,0,0,0,-0.0000008,-0.4827199,14
714,5466.654022,90,79,0,0,0,0.0000072,-0.4830689,14
715,5470.265133,90,79,0,0,0,0.0000143,-0.4836307,12
716,5473.042911,90,79,0,0,0,0.0000198,-0.484181,8
717,5474.848467,90,79,0,0,0,0.0000234,-0.4845798,5
718,5475.542911,90,79,0,0,0,0.0000248,-0.4847399,0
719,5475.542911,90,79,0,0,0,0.0000248,-0.4847399,0
720,5475.542911,90,79,0,0,0,0.0000248,-0.4847399,0
721,5476.237356,90,79,0,0,0,0.0000262,-0.4849032,5
722,5478.459578,90,79,0,0,0,0.0000309,-0.4854415,11
723,5481.792911,90,79,0,0,0,0.0000385,-0.486271,13
724,5485.6818,90,79,0,0,0,0.0000483,-0.4872138,15
725,5490.542911,90,79,0,0,0,0.0000621,-0.4882197,20
726,5496.792911,90,79,0,0,0,0.0000819,-0.4889489,25
727,5503.737356,90,79,0,0,0,0.0001059,-0.4885703,25
728,5511.098467,90,79,0,0,0,0.0001321,-0.4866725,28
729,5519.570689,90,79,0,0,0,0.0001593,-0.4834934,33
730,5529.4318,90,80,0,0,0,0.0001828,-0.4798788,38
731,5540.6818,90,80,0,0,0,0.0002155,-0.476663,43
732,5552.626244,90,79,0,0,0,0.0002766,-0.4745278,43
733,5564.709578,90,80,0,0,0,0.0003106,-0.4735639,44
734,5577.348467,90,80,0,0,0,0.0002969,-0.4734146,47
735,5590.820689,90,79,0,0,0,0.0003561,-0.4734496,50
736,5605.265133,90,80,0,0,0,0.0004501,-0.4731036,54
737,5620.6818,90,80,0,0,0,0.0004622,-0.4721414,57
738,5636.515133,90,79,0,0,0,0.0004847,-0.4709922,57
739,5652.348467,90,80,0,0,0,0.0005254,-0.4701606,57
740,5668.320689,90,79,0,0,0,0.0005168,-0.4699996,58
741,5684.709578,90,80,0,0,0,0.0004701,-0.4706376,60
742,5701.654022,90,80,0,0,0,0.0004146,-0.4721395,62
743,5719.154022,90,79,0,0,0,0.0004137,-0.4746752,64
744,5737.070689,90,80,0,0,0,0.0003984,-0.4783517,65
745,5755.265133,90,79,0,0,0,0.0003422,-0.4832319,66
746,5773.459578,90,80,0,0,0,0.0003152,-0.489289,65
747,5791.515133,90,79,0,0,0,0.0002904,-0.4964481,65
748,5809.848467,90,80,0,0,0,0.0002488,-0.5048021,67
749,5828.598467,90,79,0,0,0,0.0002514,-0.5143481,68
750,5847.626244,90,80,0,0,0,0.0002233,-0.5249247,69
751,5866.9318,90,79,0,0,0,0.0001772,-0.5362105,70
752,5886.515133,90,80,0,0,0,0.0001112,-0.5478316,71
753,5906.376244,90,79,0,0,0,0.0000755,-0.5594727,72
754,5926.515133,90,80,0,0,0,0.0001176,-0.5708359,73
755,5946.792911,90,80,0,0,0,0.0000217,-0.5816247,73
756,5967.209578,90,80,0,0,0,0.0000583,-0.5915382,74
757,5987.904022,90,80,0,0,0,0.0000268,-0.6004698,75
758,6008.737356,90,80,0,0,0,0.0001555,-0.6080979,75
759,6029.570689,90,80,0,0,0,0.0000275,-0.6142033,75
760,6050.404022,90,80,0,0,0,0.0000932,-0.6183978,75
761,6071.237356,90,80,0,0,0,0.0000531,-0.6190399,75
762,6092.070689,90,80,0,0,0,0.0000689,-0.6142888,75
763,6112.904022,90,79,0,0,0,0.0001346,-0.6096415,75
764,6133.598467,90,80,0,0,0,0.0000743,-0.6103886,74
765,6154.154022,90,79,0,0,0,0.0001312,-0.6142173,74
766,6174.709578,90,80,0,0,0,0.0001131,-0.6191576,74
767,6195.265133,90,79,0,0,0,0.0001225,-0.6243809,74
768,6215.820689,90,80,0,0,0,0.0001217,-0.6293455,74
769,6236.376244,90,79,0,0,0,0.0001431,-0.6338986,74
770,6256.792911,90,79,0,0,0,0.0001394,-0.6383021,73
771,6277.070689,90,80,0,0,0,0.0001023,-0.6426839,73
772,6297.348467,90,79,0,0,0,0.0001696,-0.6471179,73
773,6317.626244,90,79,0,5,0,0.0001046,-0.6515071,73
774,6337.765133,90,80,0,0,0,0.0001094,-0.6555917,72
775,6357.626244,90,80,0,0,0,0.0001398,-0.6590411,71
776,6377.348467,90,79,0,0,0,0.0000656,-0.6611345,71
777,6396.9318,90,80,0,0,0,0.0001248,-0.6612063,70
778,6416.237356,90,79,0,0,0,0.0000502,-0.6588062,69
779,6435.265133,90,80,0,0,0,0.0000251,-0.653596,68
780,6454.015133,90,79,0,0,0,0.0000415,-0.6453563,67
781,6472.626244,90,80,0,0,0,0.0000742,-0.6343441,67
782,6491.098467,90,79,0,0,0,0.0000025,-0.620115,66
783,6509.292911,90,79,0,0,0,-0.0000283,-0.6030515,65
784,6527.348467,50,79,0,0,0,0.0000227,-0.5836641,65
785,6545.265133,50,62,0,0,0,-0.000017,-0.5620517,64
786,6563.042911,50,62,0,0,0,-0.0000148,-0.5388284,64
787,6580.6818,50,62,0,0,0,-0.0000573,-0.5149381,63
788,6598.042911,50,62,0,0,0,-0.0002293,-0.4909078,62
789,6615.126244,50,62,0,0,0,-0.0003493,-0.4669519,61
790,6632.070689,50,61,0,0,0,-0.0005325,-0.4428357,61
791,6649.015133,50,60,0,0,0,-0.0006832,-0.4179625,61
792,6665.820689,50,60,0,0,0,-0.000863,-0.3920553,60
793,6682.348467,50,59,0,14,0,-0.0010345,-0.3651657,59
794,6698.737356,50,60,0,0,0,-0.0011311,-0.3370513,59
795,6714.987356,50,59,0,0,0,-0.0013503,-0.3075268,58
796,6731.098467,50,59,0,0,0,-0.0015214,-0.2767325,58
797,6747.348467,50,55,0,0,0,-0.0016458,-0.2442435,59
798,6763.876244,50,49,0,0,0,-0.0017585,-0.2100078,60
799,6780.6818,50,49,0,0,0,-0.0017538,-0.1741007,61
800,6797.765133,50,50,0,0,0,-0.0021951,-0.1368754,62
801,6815.126244,50,49,0,0,0,-0.0128509,-0.0985229,63
802,6832.765133,50,49,0,0,0,-0.0198478,-0.0593083,64
803,6850.6818,50,51,0,1,0,-0.0072671,-0.0213881,65
804,6868.876244,50,50,0,0,0,-0.0058176,0.0172233,66
805,6887.348467,50,49,0,0,0,-0.0038095,0.0537919,67
806,6906.098467,50,49,0,0,0,-0.0018331,0.0878933,68
807,6925.126244,50,50,0,0,0,0.0000663,0.1186461,69
808,6944.4318,50,49,0,0,0,0.0001759,0.145895,70
809,6963.876244,50,49,0,0,0,0.0000231,0.1684094,70
810,6983.320689,50,50,0,0,0,-0.0001657,0.1862919,70
811,7002.626244,50,49,0,0,0,-0.0003394,0.1991197,69
812,7021.792911,50,50,0,0,0,-0.0005175,0.2067996,69
813,7040.820689,50,49,0,0,0,-0.0006936,0.2099409,68
814,7059.570689,50,49,0,0,0,-0.0008389,0.2086197,67
815,7078.042911,50,50,0,0,0,-0.0008675,0.2033317,66
816,7096.237356,50,49,0,0,0,-0.0007377,0.1945379,65
817,7114.154022,50,50,0,0,0,-0.0006104,0.1826892,64
818,7131.792911,50,49,0,0,0,-0.0004515,0.1682931,63
819,7149.154022,50,49,0,0,0,-0.0003782,0.1517899,62
820,7166.237356,50,50,0,0,0,-0.0002447,0.1335905,61
821,7183.042911,50,49,0,0,0,-0.0001352,0.1141689,60
822,7199.709578,50,50,0,0,0,-0.0000321,0.0937389,60
823,7216.237356,50,49,0,0,0,0.0000914,0.0726658,59
824,7232.487356,50,50,0,0,0,0.0001774,0.0515053,58
825,7248.598467,50,50,0,0,0,0.000154,0.0304142,58
826,7264.570689,50,49,0,0,0,-0.0000457,0.0097732,57
827,7280.404022,50,50,0,11,0,-0.0003045,-0.0101903,57
828,7296.237356,50,50,0,0,0,-0.0005303,-0.0293933,57
829,7312.070689,50,49,0,0,0,-0.0007647,-0.0474196,57
830,7327.765133,50,50,0,0,0,-0.0009419,-0.063694,56
831,7343.1818,50,50,0,0,0,-0.0010018,-0.0779345,55
832,7358.320689,50,50,0,0,0,-0.0009743,-0.0902125,54
833,7373.1818,50,50,0,0,0,-0.0009283,-0.1000583,53
834,7387.348467,130,112,0,0,0,-0.0009025,-0.1070033,49
835,7400.404022,130,112,0,0,0,-0.0008463,-0.1116246,45
836,7412.765133,130,110,0,0,0,-0.0007727,-0.1142776,44
837,7424.4318,130,109,0,0,0,-0.0007578,-0.1145325,40
838,7434.848467,130,109,0,0,0,-0.0007696,-0.1129804,35
839,7443.737356,130,109,0,0,0,-0.0007606,-0.1105757,29
840,7451.098467,130,109,0,0,0,-0.000738,-0.1078115,24
841,7456.9318,130,109,0,0,0,-0.0007139,-0.1050764,18
842,7461.237356,130,109,0,0,0,-0.0006943,-0.1027275,13
843,7464.292911,130,109,0,0,0,-0.00068,-0.1008821,9
844,7466.376244,130,109,0,0,0,-0.0006703,-0.0995362,6
845,7467.765133,130,109,0,0,0,-0.000664,-0.0985991,4
846,7468.876244,130,109,0,0,0,-0.0006589,-0.0978267,4
847,7469.987356,130,109,0,0,0,-0.0006539,-0.0970344,4
848,7471.376244,130,109,0,0,0,-0.0006478,-0.0960163,6
849,7473.459578,130,109,0,0,0,-0.0006388,-0.0944324,9
850,7476.376244,130,110,0,0,0,-0.0006268,-0.0921027,12
851,7479.709578,130,110,0,0,0,-0.0006139,-0.0892844,12
852,7483.459578,130,111,0,0,0,-0.0006008,-0.0859221,15
853,7488.042911,130,112,0,0,0,-0.000587,-0.0815486,18
854,7493.320689,130,112,0,0,0,-0.0005747,-0.076171,20
855,7499.570689,130,113,0,0,0,-0.0005661,-0.0693669,25
856,7506.9318,130,113,0,0,0,-0.0005607,-0.0609242,28
857,7514.709578,130,112,0,0,0,-0.0005532,-0.0518224,28
858,7522.765133,130,112,0,0,0,-0.0005348,-0.0425785,30
859,7531.9318,130,112,0,0,0,-0.0004973,-0.0325104,36
860,7542.765133,130,112,0,0,0,-0.0004463,-0.0208765,42
861,7554.4318,130,111,0,0,0,-0.0004054,-0.0081052,42
862,7566.237356,130,111,0,0,0,-0.0003843,0.005681,43
863,7578.598467,130,112,0,0,0,-0.0003797,0.0217066,46
864,7591.9318,130,112,0,0,0,-0.0003846,0.041147,50
865,7606.376244,130,111,0,0,0,-0.0003781,0.0641007,54
866,7621.9318,130,111,0,0,0,-0.0003434,0.0902968,58
867,7637.904022,130,112,0,0,0,-0.0003185,0.1186379,57
868,7653.737356,130,112,0,0,0,-0.0003081,0.1478115,57
869,7669.848467,130,111,0,0,0,-0.000274,0.1779122,59
870,7686.654022,130,112,0,0,0,-0.0002549,0.2094394,62
871,7704.292911,130,113,0,0,0,-0.0002822,0.2424598,65
872,7722.765133,130,114,0,0,0,-0.0002451,0.2766614,68
873,7741.9318,130,115,0,0,0,-0.0002042,0.311582,70
874,7761.237356,130,114,0,0,0,-0.0002143,0.34601,69
875,7780.404022,130,114,0,0,0,-0.0001533,0.379231,69
876,7799.709578,130,115,0,0,0,-0.0001331,0.4118767,70
877,7819.4318,130,114,0,0,0,-0.0001342,0.4441564,72
878,7839.709578,130,115,0,0,0,-0.0001021,0.4759418,74
879,7860.404022,130,114,0,0,0,-0.0000718,0.5065277,75
880,7881.515133,130,114,0,0,0,-0.0000724,0.5348524,77
881,7903.042911,130,115,0,0,0,-0.0000412,0.56049,78
882,7924.848467,130,114,0,0,0,-0.0000338,0.5820458,79
883,7947.070689,130,115,0,0,0,0.0000276,0.5978831,81
884,7969.709578,130,114,0,0,0,0.0000188,0.6071737,82
885,7992.765133,130,115,0,0,0,0.0000238,0.6074932,84
886,8016.237356,130,114,0,0,0,0.0000718,0.5982665,85
887,8040.126244,130,115,0,0,0,0.0000527,0.580212,87
888,8064.570689,130,114,0,0,0,0.0000505,0.5539367,89
889,8089.4318,130,115,0,0,0,0.0000371,0.5222812,90
890,8114.709578,130,114,0,0,0,0.0000021,0.4859906,92
891,8140.404022,130,115,0,0,0,0.0000445,0.445748,93
892,8166.515133,130,114,0,0,0,0.0000206,0.4028083,95
893,8193.042911,130,114,0,0,0,0.0000014,0.3580223,96
894,8219.848467,130,115,0,0,0,0.000044,0.3125565,97
895,8246.792911,130,114,0,0,0,-0.0000061,0.2673449,97
896,8273.876244,130,115,0,0,0,-0.000008,0.2226807,98
897,8300.959578,130,114,0,0,0,-0.0000018,0.1786118,97
898,8327.765133,130,115,0,0,0,-0.0000022,0.1355212,96
899,8354.154022,130,114,0,0,0,0.0000021,0.093994,94
900,8380.126244,130,115,0,0,0,-0.0000077,0.0544026,93
901,8405.6818,130,114,0,0,0,-0.0000345,0.0169886,91
902,8430.820689,130,115,0,0,0,-0.0000394,-0.0181082,90
903,8455.542911,130,114,0,0,0,-0.0000036,-0.0508098,88
904,8479.848467,130,114,0,0,0,-0.0000119,-0.0811108,87
905,8503.876244,130,115,0,0,0,-0.0000349,-0.1093051,86
906,8527.626244,130,114,0,0,0,-0.0000079,-0.1352726,85
907,8551.376244,130,115,0,0,0,-0.0000104,-0.1594672,86
908,8575.404022,130,114,0,0,0,-0.0000165,-0.182263,87
909,8599.709578,130,115,0,0,0,-0.0000019,-0.2036444,88
910,8624.4318,130,115,0,0,0,-0.0000226,-0.2237927,90
911,8649.570689,130,114,0,0,0,0.0000179,-0.2427065,91
912,8675.126244,130,115,0,0,0,-0.0000064,-0.2603601,93
913,8701.098467,130,114,0,0,0,-0.0000162,-0.2766534,94
914,8727.348467,130,115,0,0,0,0.0000036,-0.2914314,95
915,8754.015133,130,114,0,0,0,-0.0000031,-0.304488,97
916,8781.098467,130,115,0,0,0,0.0000146,-0.3157003,98
917,8808.459578,130,114,0,0,0,0.0000125,-0.3250697,99
918,8836.237356,130,115,0,0,0,0.0000066,-0.3325569,101
919,8864.4318,130,114,0,0,0,0.0000178,-0.3381737,102
920,8892.904022,130,115,0,0,0,0.0000093,-0.341906,103
921,8921.515133,130,114,0,0,0,0.0000496,-0.3438209,103
922,8950.265133,130,112,0,0,0,0.0000395,-0.3440556,104
923,8979.154022,130,111,0,0,0,0.0000235,-0.3427715,104
924,9008.042911,130,112,0,0,0,0.0000443,-0.3401095,104
925,9036.9318,130,111,0,0,0,0.0000422,-0.3361707,104
926,9065.820689,130,112,0,0,0,0.0001113,-0.3310116,104
927,9094.570689,130,113,0,0,0,0.0001638,-0.3246723,103
928,9122.904022,130,114,0,0,0,0.00023,-0.3171991,101
929,9150.820689,130,115,0,0,0,0.0002768,-0.3085465,100
930,9178.598467,130,114,0,0,0,0.0003197,-0.2986038,100
931,9206.376244,130,115,0,0,0,0.0003687,-0.2873252,100
932,9234.292911,130,114,0,0,0,0.0004271,-0.2746526,101
933,9262.626244,130,115,0,0,0,0.0004901,-0.2604593,103
934,9291.376244,130,114,0,0,0,0.0004978,-0.2447107,104
935,9320.404022,130,115,0,0,0,0.0004852,-0.2274113,105
936,9349.709578,130,114,0,0,0,0.0004783,-0.2085516,106
937,9379.154022,130,115,0,0,0,0.000466,-0.1883462,106
938,9408.737356,130,114,0,0,0,0.0004781,-0.1670251,107
939,9438.459578,130,111,0,0,0,0.0004762,-0.1449373,107
940,9468.1818,130,109,0,0,0,0.0004561,-0.122631,107
941,9498.042911,130,110,0,0,0,0.0004557,-0.1004788,108
942,9528.042911,130,112,0,0,0,0.0004377,-0.0790756,108
943,9558.042911,130,113,0,0,0,0.0004514,-0.0591231,108
944,9588.042911,130,113,0,0,0,0.0004586,-0.0411167,108
945,9618.042911,130,114,0,0,0,0.0004259,-0.0254905,108
946,9647.904022,130,113,0,0,0,0.0004316,-0.0126492,107
947,9677.626244,130,114,0,0,0,0.0004352,-0.0028603,107
948,9707.348467,130,114,0,0,0,0.0004447,0.0036455,107
949,9737.070689,130,113,0,0,0,0.0004398,0.0070716,107
950,9766.792911,130,114,0,0,0,0.0004601,0.0072882,107
951,9796.515133,130,113,0,0,0,0.0004521,0.0045026,107
952,9826.376244,130,114,0,0,0,0.0004473,-0.0010178,108
953,9856.376244,130,113,0,0,0,0.0004665,-0.0090157,108
954,9886.376244,130,114,0,0,0,0.0004574,-0.01917,108
955,9916.515133,130,113,0,0,0,0.0004811,-0.0310661,109
956,9946.792911,130,114,0,0,0,0.0004817,-0.0443276,109
957,9977.209578,130,113,0,0,0,0.0004524,-0.0586548,110
958,10007.76513,130,114,0,0,0,0.0004804,-0.0736561,110
959,10038.45958,130,113,0,0,0,0.0004242,-0.0889744,111
960,10069.29291,130,114,0,0,0,0.0003497,-0.104196,111
961,10100.12624,130,113,0,0,0,0.0003352,-0.1188443,111
962,10130.95958,130,114,0,0,0,0.0002873,-0.1324821,111
963,10161.79291,130,113,0,0,0,0.000234,-0.1447553,111
964,10192.62624,130,114,0,0,0,0.0002097,-0.1553521,111
965,10223.45958,130,113,0,0,0,0.0001704,-0.1639746,111
966,10254.4318,130,114,0,0,0,0.0001019,-0.1704562,112
967,10285.54291,130,114,0,0,0,0.000077,-0.1747973,112
968,10316.65402,130,114,0,0,0,0.0000202,-0.1767614,112
969,10347.90402,130,114,0,0,0,-0.0000008,-0.1765044,113
970,10379.29291,130,114,0,0,0,-0.0000128,-0.1741935,113
971,10410.6818,130,114,0,0,0,-0.000028,-0.170045,113
972,10442.20958,130,114,0,0,0,-0.0000265,-0.1642531,114
973,10473.87624,130,114,0,0,0,-0.0000037,-0.1571698,114
974,10505.54291,130,114,0,0,0,-0.0000221,-0.1490169,114
975,10537.20958,130,114,0,0,0,-0.00001,-0.1401762,114
976,10568.87624,130,114,0,0,0,-0.0000007,-0.1309988,114
977,10600.54291,130,114,0,0,0,-0.0000166,-0.1218232,114
978,10632.20958,130,114,0,0,0,-0.0000123,-0.1129185,114
979,10663.87624,130,114,0,0,0,-0.0000006,-0.104615,114
980,10695.54291,130,114,0,0,0,0,-0.0971809,114
981,10727.20958,130,114,0,0,0,-0.0000213,-0.0906398,114
982,10758.87624,130,114,0,0,0,0.0000114,-0.0848489,114
983,10790.54291,130,114,0,0,0,-0.0000133,-0.0796686,114
984,10822.20958,130,114,0,0,0,0.0000013,-0.07491,114
985,10853.87624,130,114,0,0,0,0.0000118,-0.0702811,114
986,10885.54291,130,114,0,0,0,-0.0000111,-0.0653046,114
987,10917.20958,130,114,0,0,0,0.000012,-0.0595263,114
988,10948.87624,130,114,0,0,0,0.0000106,-0.0527231,114
989,10980.54291,130,114,0,0,0,0.0000083,-0.0448616,114
990,11012.20958,130,114,0,0,0,-0.0000001,-0.0361477,114
991,11043.87624,130,113,0,0,0,0.0000105,-0.0268032,114
992,11075.54291,130,113,0,0,0,0.000011,-0.0172333,114
993,11107.20958,130,114,0,0,0,0.0000037,-0.0079304,114
994,11138.87624,130,113,0,0,0,0.0000123,0.0006196,114
995,11170.54291,130,114,0,0,0,0.0000165,0.00795,114
996,11202.20958,130,114,0,0,0,0.000002,0.013768,114
997,11233.87624,130,113,0,0,0,-0.0000113,0.0175837,114
998,11265.54291,130,113,0,0,0,0,0.0189268,114
999,11297.20958,130,113,0,0,0,-0.0000282,0.0172775,114
1000,11328.87624,130,114,0,0,0,-0.0000202,0.0127112,114
1001,11360.54291,130,113,0,0,0,0.0000333,0.0050878,114
1002,11392.20958,130,114,0,0,0,0.0000784,-0.0053284,114
1003,11423.87624,130,113,0,0,0,0.0002173,-0.018021,114
1004,11455.54291,130,114,0,0,0,0.0003004,-0.0321893,114
1005,11487.20958,130,113,0,0,0,0.000365,-0.0470084,114
1006,11518.87624,130,114,0,0,0,0.0004584,-0.0619495,114
1007,11550.54291,130,113,0,0,0,0.0005614,-0.0766205,114
1008,11582.20958,130,114,0,0,0,0.0005378,-0.0907618,114
1009,11613.87624,130,113,0,0,0,0.000541,-0.1041733,114
1010,11645.54291,130,114,0,0,0,0.0005342,-0.1168634,114
1011,11677.20958,130,113,0,0,0,0.0004988,-0.1288949,114
1012,11708.87624,130,114,0,0,0,0.0005195,-0.1403466,114
1013,11740.54291,130,112,0,0,0,0.0005023,-0.1510824,114
1014,11772.20958,130,112,0,0,0,0.0004849,-0.1609665,114
1015,11804.01513,130,111,0,0,0,0.0004707,-0.1697026,115
1016,11835.95958,130,112,0,0,0,0.0004629,-0.1768865,115
1017,11867.90402,130,113,0,0,0,0.0004643,-0.1823508,115
1018,11899.84847,130,114,0,0,0,0.0004624,-0.186033,115
1019,11931.79291,130,113,0,0,0,0.0004435,-0.1878801,115
1020,11963.87624,130,114,0,0,0,0.0004314,-0.187455,116
1021,11996.09847,130,113,0,0,0,0.000447,-0.1842117,116
1022,12028.1818,130,114,0,0,0,0.0004624,-0.1778113,115
1023,12060.26513,130,113,0,0,0,0.0004658,-0.1675339,116
1024,12092.48736,130,114,0,0,0,0.0004594,-0.1526491,116
1025,12124.70958,130,111,0,0,0,0.0004845,-0.1323503,116
1026,12156.9318,130,110,0,0,0,0.0004713,-0.106656,116
1027,12189.15402,130,111,0,0,0,0.0004727,-0.0762532,116
1028,12221.37624,130,110,0,0,0,0.0004974,-0.0423453,116
1029,12253.59847,130,112,0,0,0,0.0004851,-0.0062174,116
1030,12285.82069,130,113,0,0,0,0.0004855,0.0297661,116
1031,12318.04291,130,112,0,0,0,0.0005113,0.0630654,116
1032,12350.26513,130,113,0,0,0,0.0004948,0.092043,116
1033,12382.48736,130,112,0,0,0,0.0005087,0.1165606,116
1034,12414.70958,130,113,0,0,0,0.0005026,0.1367878,116
1035,12446.9318,130,112,0,0,0,0.0004937,0.153407,116
1036,12479.15402,130,113,0,0,0,0.0005075,0.1682776,116
1037,12511.37624,130,112,0,0,0,0.0005268,0.1844414,116
1038,12543.59847,130,113,0,0,0,0.0005085,0.2044662,116
1039,12575.82069,130,112,0,0,0,0.000475,0.2293455,116
1040,12608.04291,130,113,0,0,0,0.0004165,0.258152,116
1041,12640.26513,130,112,0,0,0,0.0003518,0.2890914,116
1042,12672.48736,130,113,0,0,0,0.0002898,0.3196148,116
1043,12704.70958,130,112,0,0,0,0.0002334,0.3466915,116
1044,12736.9318,130,113,0,0,0,0.0001908,0.3668095,116
1045,12769.15402,130,112,0,0,0,0.0001241,0.3768806,116
1046,12801.37624,130,113,0,0,0,0.0000851,0.3736392,116
1047,12833.59847,130,113,0,0,0,0.0000677,0.3552728,116
1048,12865.82069,130,112,0,0,0,0.0000142,0.322229,116
1049,12898.04291,130,113,0,0,0,-0.000014,0.2749184,116
1050,12930.26513,130,112,0,0,0,-0.0000492,0.2154885,116
1051,12962.48736,130,113,0,0,0,-0.0000663,0.145828,116
1052,12994.70958,130,112,0,0,0,-0.0000484,0.0679634,116
1053,13026.9318,130,113,0,0,0,-0.0000258,-0.0149353,116
1054,13059.15402,130,112,0,0,0,-0.0000124,-0.1004086,116
1055,13091.37624,130,113,0,0,0,0.0000083,-0.1862158,116
1056,13123.59847,130,112,0,0,0,0.0000286,-0.2697112,116
1057,13155.82069,130,113,0,0,0,0.000045,-0.3489603,116
1058,13188.04291,130,112,0,0,0,0.0000593,-0.4219528,116
1059,13220.26513,130,113,0,0,0,0.0000434,-0.4869619,116
1060,13252.48736,130,112,0,0,0,0.0000322,-0.5427882,116
1061,13284.70958,130,113,0,0,0,0.0000063,-0.5891387,116
1062,13316.9318,130,112,0,0,0,-0.0000003,-0.6257773,116
1063,13349.15402,130,113,0,0,0,-0.0000111,-0.6517175,116
1064,13381.37624,130,112,0,0,0,-0.0000362,-0.6663415,116
1065,13413.59847,130,113,0,0,0,-0.0000229,-0.6693376,116
1066,13445.82069,130,110,0,0,0,-0.0000922,-0.6601234,116
1067,13478.04291,100,100,0,0,0,-0.0002241,-0.6364745,116
1068,13510.26513,100,100,0,0,0,-0.0003431,-0.5979199,116
1069,13542.48736,100,100,0,0,0,-0.0004762,-0.5447824,116
1070,13574.70958,100,100,0,0,0,-0.000623,-0.4771802,116
1071,13606.9318,100,100,0,0,0,-0.0007252,-0.3974189,116
1072,13639.15402,100,100,0,0,0,-0.0007972,-0.3085004,116
1073,13671.37624,100,100,0,0,0,-0.0007702,-0.2150882,116
1074,13703.59847,100,100,0,0,0,-0.000756,-0.1221233,116
1075,13735.82069,100,100,0,0,0,-0.0007611,-0.034812,116
1076,13768.04291,100,100,0,0,0,-0.0007335,0.0434275,116
1077,13800.26513,100,100,0,0,0,-0.0007116,0.1102053,116
1078,13832.48736,100,100,0,0,0,-0.0007195,0.1626803,116
1079,13864.84847,100,100,0,0,0,-0.0007097,0.2007215,117
1080,13897.34847,100,100,0,0,0,-0.0007031,0.2251681,117
1081,13929.84847,100,100,0,0,0,-0.0006832,0.2386696,117
1082,13962.48736,100,100,0,0,0,-0.0007008,0.2436898,118
1083,13995.12624,100,100,0,0,0,-0.0006747,0.2408224,117
1084,14027.62624,100,100,0,0,0,-0.0006862,0.2319389,117
1085,14060.12624,100,100,0,0,0,-0.0006857,0.2183922,117
1086,14092.62624,100,100,0,0,0,-0.0006785,0.2014638,117
1087,14125.12624,100,100,0,0,0,-0.0006682,0.1816658,117
1088,14157.62624,100,100,0,0,0,-0.0006649,0.158146,117
1089,14190.12624,100,100,0,0,0,-0.0006675,0.1301082,117
1090,14222.62624,100,100,0,0,0,-0.0006521,0.0977486,117
1091,14254.98736,100,100,0,0,0,-0.0006639,0.0626332,116
1092,14287.20958,100,100,0,0,0,-0.0006612,0.0264451,116
1093,14319.4318,100,100,0,0,0,-0.0006419,-0.0092466,116
1094,14351.51513,100,100,0,0,0,-0.0006592,-0.0420483,115
1095,14383.45958,100,100,0,0,0,-0.0006499,-0.0701653,115
1096,14415.40402,100,100,0,0,0,-0.0006171,-0.0920388,115
1097,14447.34847,100,100,0,0,0,-0.0006155,-0.1058001,115
1098,14479.29291,100,100,0,0,0,-0.0005736,-0.1103352,115
1099,14511.09847,100,100,0,0,0,-0.0005727,-0.1046244,114
1100,14542.90402,100,100,0,0,0,-0.0005744,-0.0880373,115
1101,14574.84847,130,111,0,0,0,-0.0005151,-0.0600291,115
1102,14606.79291,130,114,0,0,0,-0.0005025,-0.0206407,115
1103,14638.73736,130,113,0,0,0,-0.0004948,0.0298145,115
1104,14670.6818,130,114,0,0,0,-0.0005023,0.0908906,115
1105,14702.62624,130,113,0,0,0,-0.0004641,0.1620037,115
1106,14734.57069,130,114,0,0,0,-0.0004526,0.2419497,115
1107,14766.65402,130,114,0,0,0,-0.0004518,0.3293241,116
1108,14798.87624,130,113,0,0,0,-0.0004066,0.4218976,116
1109,14831.09847,130,114,0,0,0,-0.0004436,0.5166533,116
1110,14863.32069,130,113,0,0,0,-0.0003897,0.610714,116
1111,14895.54291,130,114,0,0,0,-0.0003896,0.7011391,116
1112,14927.76513,130,113,0,0,0,-0.0003742,0.7855003,116
1113,14959.98736,130,114,0,0,0,-0.000346,0.8606987,116
1114,14992.34847,130,113,0,0,0,-0.0003325,0.9248712,117
1115,15024.84847,130,114,0,0,0,-0.0003191,0.9759652,117
1116,15057.20958,130,113,0,0,0,-0.000284,1.0119472,116
1117,15089.01513,130,114,0,0,0,-0.0002916,1.0323693,113
1118,15119.98736,130,113,0,0,0,-0.0002689,1.0387129,110
1119,15150.26513,130,114,0,0,0,-0.0002526,1.031404,108
1120,15179.98736,130,113,0,0,0,-0.0002508,1.0121951,106
1121,15209.29291,130,114,0,0,0,-0.0002439,0.9820778,105
1122,15238.45958,130,113,0,0,0,-0.0002195,0.9418697,105
1123,15267.76513,130,113,0,0,0,-0.0002118,0.8922388,106
1124,15297.34847,130,114,0,0,0,-0.0001765,0.8349419,107
1125,15327.20958,130,113,0,0,0,-0.0001671,0.7710997,108
1126,15357.34847,130,114,0,0,0,-0.0001489,0.7026588,109
1127,15387.62624,130,114,0,0,0,-0.000143,0.6322044,109
1128,15418.04291,130,114,0,0,0,-0.0001399,0.5619185,110
1129,15448.73736,130,114,0,0,0,-0.0001439,0.4936405,111
1130,15479.70958,130,114,0,0,0,-0.0001041,0.4293101,112
1131,15510.82069,130,114,0,0,0,-0.0001156,0.3711058,112
1132,15542.07069,130,114,0,0,0,-0.0001076,0.319499,113
1133,15573.45958,130,114,0,0,0,-0.0000784,0.2756168,113
1134,15604.84847,130,114,0,0,0,-0.0000701,0.2406961,113
1135,15636.37624,130,114,0,0,0,-0.0000711,0.2150076,114
1136,15667.90402,130,114,0,0,0,-0.0000594,0.1993301,113
1137,15699.29291,130,114,0,0,0,-0.0000464,0.192977,113
1138,15730.6818,130,114,0,0,0,-0.0000533,0.1956614,113
1139,15762.07069,130,114,0,0,0,-0.0000186,0.206999,113
1140,15793.45958,130,114,0,0,0,0.000007,0.2259892,113
1141,15824.70958,130,114,0,0,0,-0.0000061,0.2511875,112
1142,15855.82069,130,114,0,0,0,-0.0000018,0.2811855,112
1143,15886.9318,130,114,0,0,0,-0.0000005,0.31505,112
1144,15918.04291,130,114,0,0,0,0.0000138,0.351191,112
1145,15949.15402,130,114,0,0,0,0.0000127,0.3882753,112
1146,15980.12624,130,114,0,0,0,0.0000042,0.4247753,111
1147,16011.09847,130,114,0,0,0,0.0000221,0.4598292,112
1148,16042.20958,130,114,0,0,0,0.000024,0.4928008,112
1149,16073.32069,130,114,0,0,0,0.0000193,0.522906,112
1150,16104.57069,130,114,0,0,0,0.0000023,0.5502056,113
1151,16135.95958,130,114,0,0,0,0.000021,0.5744801,113
1152,16167.48736,130,114,0,0,0,0.0000186,0.5953979,114
1153,16199.29291,130,114,0,0,0,0.0000253,0.6128302,115
1154,16231.23736,130,114,0,0,0,0.0000209,0.6265076,115
1155,16263.32069,130,114,0,0,0,0.0000193,0.6365961,116
1156,16295.54291,130,114,0,0,0,0.0000166,0.6433434,116
1157,16327.76513,130,114,0,0,0,-0.0000063,0.6467166,116
1158,16359.98736,130,114,0,0,0,0.0000197,0.6468645,116
1159,16392.20958,130,114,0,0,0,-0.0000073,0.6440114,116
1160,16424.29291,130,114,0,0,0,0.0000038,0.6388227,115
1161,16456.23736,130,114,0,0,0,0.0000049,0.6321677,115
1162,16488.1818,130,114,0,0,0,-0.0000095,0.6249767,115
1163,16519.98736,130,114,0,0,0,-0.0000086,0.6182059,114
1164,16551.65402,130,113,0,0,0,-0.0000242,0.6126309,114
1165,16583.32069,130,114,0,0,0,-0.0000243,0.6088424,114
1166,16614.98736,130,113,0,0,0,-0.0000231,0.6080543,114
1167,16646.51513,130,114,0,0,0,-0.0000275,0.6117573,113
1168,16677.90402,130,113,0,0,0,-0.0000478,0.6199123,113
1169,16709.29291,130,114,0,0,0,-0.0000338,0.6317816,113
1170,16740.6818,130,113,0,0,0,-0.0000339,0.6459365,113
1171,16772.07069,130,114,0,0,0,-0.0000449,0.660166,113
1172,16803.45958,130,113,0,0,0,-0.0000646,0.67194,113
1173,16834.84847,130,114,0,0,0,-0.0000462,0.6790732,113
1174,16866.23736,130,113,0,0,0,-0.0000451,0.6793143,113
1175,16897.62624,130,114,0,0,0,-0.0000817,0.6697304,113
1176,16929.01513,130,113,0,0,0,-0.0000505,0.6475955,113
1177,16960.40402,130,114,0,0,0,-0.0000751,0.6111738,113
1178,16991.79291,130,113,0,0,0,-0.0000639,0.5597383,113
1179,17023.1818,130,114,0,0,0,-0.0000849,0.4944669,113
1180,17054.57069,130,113,0,0,0,-0.0001261,0.4172034,113
1181,17085.95958,130,114,0,0,0,-0.0001424,0.3295036,113
1182,17117.34847,130,113,0,0,0,-0.0001813,0.2343713,113
1183,17148.87624,130,114,0,0,0,-0.0002232,0.1333159,114
1184,17180.54291,130,113,0,0,0,-0.0002396,0.0293758,114
1185,17212.20958,130,114,0,0,0,-0.000288,-0.072554,114
1186,17243.87624,130,114,0,0,0,-0.0003208,-0.1673483,114
1187,17275.54291,130,115,0,0,0,-0.0003252,-0.2489567,114
1188,17307.20958,130,114,0,0,0,-0.0003355,-0.3119881,114
1189,17338.87624,130,115,0,0,0,-0.0002573,-0.3508965,114
1190,17370.54291,130,114,0,0,0,-0.0001854,-0.3573365,114
1191,17402.20958,130,115,0,0,0,-0.0000916,-0.3263076,114
1192,17433.87624,130,115,0,0,0,-0.0000273,-0.2560472,114
1193,17465.54291,130,114,0,0,0,0.000055,-0.1439411,114
1194,17497.20958,130,115,0,0,0,0.0001307,0.0058911,114
1195,17528.87624,130,114,0,0,0,0.0001968,0.1893229,114
1196,17560.54291,130,115,0,0,0,0.0002849,0.3993271,114
1197,17592.20958,130,114,0,0,0,0.0003383,0.6270852,114
1198,17623.87624,110,110,0,0,0,0.0003946,0.8650929,114
1199,17655.40402,110,109,0,0,0,0.0004438,1.1019205,113
1200,17686.79291,110,110,0,0,0,0.0005037,1.3282408,113
1201,17718.1818,110,109,0,0,0,0.0005551,1.5348235,113
1202,17749.57069,110,110,0,0,0,0.0005898,1.7133704,113
1203,17780.95958,110,109,0,0,0,0.0006579,1.8569076,113
1204,17812.48736,110,110,0,0,0,0.0006636,1.9560128,114
1205,17844.15402,110,109,0,0,0,0.0006984,2.0046278,114
1206,17875.82069,110,110,0,0,0,0.0007029,1.9975887,114
1207,17907.48736,110,109,0,0,0,0.000714,1.933048,114
1208,17939.29291,110,110,0,0,0,0.0007582,1.8112505,115
1209,17971.23736,110,109,0,0,0,0.0007828,1.6349158,115
1210,18003.1818,110,110,0,0,0,0.0007927,1.4106735,115
1211,18035.12624,110,109,0,0,0,0.0008106,1.1474356,115
1212,18067.07069,110,110,0,0,0,0.0007729,0.8554789,115
1213,18099.01513,110,110,0,0,0,0.0007313,0.5444932,115
1214,18130.95958,110,109,0,0,0,0.0006517,0.2249408,115
1215,18162.90402,110,110,0,0,0,0.0005939,-0.0926668,115
1216,18194.70958,110,109,0,0,0,0.0005371,-0.3965007,114
1217,18226.37624,110,110,0,0,0,0.0004819,-0.6770499,114
1218,18258.04291,110,109,0,0,0,0.0004085,-0.925652,114
1219,18289.57069,110,110,0,0,0,0.0003598,-1.1369702,113
1220,18320.82069,110,109,0,0,0,0.0002944,-1.3051492,112
1221,18351.9318,110,110,0,0,0,0.0002287,-1.4278316,112
1222,18383.04291,110,109,0,0,0,0.0001805,-1.5032953,112
1223,18414.01513,110,110,0,0,0,0.0001259,-1.5323582,111
1224,18444.84847,110,109,0,0,0,0.00007,-1.5166295,111
1225,18475.6818,110,110,0,0,0,0.0000083,-1.455876,111
1226,18506.51513,110,109,0,0,0,-0.0000079,-1.3551875,111
1227,18537.34847,110,110,0,0,0,-0.0000092,-1.2203715,111
1228,18568.32069,110,109,0,0,0,-0.0000001,-1.0593604,112
1229,18599.4318,110,110,0,0,0,-0.0000126,-0.8765703,112
1230,18630.54291,130,113,0,0,0,-0.000007,-0.6802854,112
1231,18661.79291,130,115,0,0,0,0.0000079,-0.4765369,113
1232,18693.1818,130,114,0,0,0,-0.0000144,-0.2718359,113
1233,18724.70958,130,115,0,0,0,0.0000016,-0.0707443,114
1234,18756.37624,130,114,0,0,0,0.0000032,0.1249744,114
1235,18788.1818,130,115,0,0,0,-0.0000094,0.3163875,115
1236,18820.12624,130,114,0,0,0,-0.0000192,0.5038902,115
1237,18852.20958,130,115,0,0,0,0.0000169,0.6863546,116
1238,18884.4318,130,114,0,0,0,-0.0000151,0.8631299,116
1239,18916.79291,130,114,0,0,0,-0.0000137,1.0329299,117
1240,18949.29291,130,115,0,0,0,0.0000021,1.196151,117
1241,18981.79291,130,114,0,0,0,0.0000105,1.3552796,117
1242,19014.29291,130,114,0,0,0,-0.0000109,1.5126605,117
1243,19046.79291,130,114,0,0,0,0.0000005,1.6665266,117
1244,19079.29291,130,115,0,0,0,-0.0000006,1.8126023,117
1245,19111.65402,130,115,0,0,0,0.0000023,1.9441853,116
1246,19143.87624,130,114,0,0,0,0.0000183,2.054383,116
1247,19176.09847,130,115,0,0,0,0.000003,2.1363885,116
1248,19208.1818,130,114,0,0,0,-0.0000087,2.1816008,115
1249,19240.12624,130,115,0,0,0,0.0000333,2.1789696,115
1250,19271.65402,130,114,0,0,0,0.0000161,2.1167532,112
1251,19302.07069,130,115,0,0,0,0.0000076,1.9979579,107
1252,19331.37624,130,114,0,0,0,0.0000407,1.8305604,104
1253,19359.98736,130,115,0,0,0,0.0000103,1.6166105,102
1254,19388.45958,130,114,0,0,0,0.0000002,1.36179,103
1255,19417.07069,130,115,0,0,0,-0.0000008,1.0711486,103
1256,19445.82069,130,114,0,0,0,-0.0000261,0.7543426,104
1257,19474.84847,130,114,0,0,0,-0.0000367,0.4205349,105
1258,19504.15402,130,115,0,0,0,-0.0000474,0.0803881,106
1259,19533.59847,130,114,0,0,0,-0.0000614,-0.2539307,106
1260,19563.1818,130,115,0,0,0,-0.0000855,-0.5745767,107
1261,19593.04291,130,114,0,0,0,-0.0000779,-0.8735688,108
1262,19623.04291,110,111,0,0,0,-0.0000894,-1.1416589,108
1263,19653.1818,110,109,0,0,0,-0.0001459,-1.3733843,109
1264,19683.59847,110,110,0,0,0,-0.0002023,-1.5624392,110
1265,19714.15402,110,109,0,0,0,-0.0002827,-1.7057652,110
1266,19744.84847,110,110,0,0,0,-0.0003787,-1.8012167,111
1267,19775.6818,110,109,0,0,0,-0.0004429,-1.8446281,111
1268,19806.65402,110,110,0,0,0,-0.0005339,-1.8380508,112
1269,19837.76513,110,109,0,0,0,-0.0006323,-1.7814873,112
1270,19869.01513,110,110,0,0,0,-0.0006958,-1.6783006,113
1271,19900.40402,110,109,0,0,0,-0.0007901,-1.5342428,113
1272,19931.65402,110,110,0,0,0,-0.0007716,-1.3526408,112
1273,19962.76513,110,109,0,0,0,-0.000624,-1.1419729,112
1274,19993.87624,110,110,0,0,0,-0.0005493,-0.9086065,112
1275,20024.98736,110,109,0,0,0,-0.0004023,-0.661001,112
1276,20056.09847,110,110,0,0,0,-0.0002888,-0.4090809,112
1277,20087.20958,110,109,0,0,0,-0.0002178,-0.1623965,112
1278,20118.32069,110,110,0,0,0,-0.00009,0.0692683,112
1279,20149.4318,110,109,0,0,0,-0.0000557,0.2777389,112
1280,20180.6818,110,110,0,0,0,-0.0000722,0.4564322,113
1281,20212.20958,110,109,0,0,0,-0.0000587,0.5993464,114
1282,20243.87624,110,111,0,0,0,-0.0000327,0.7007525,114
1283,20275.6818,130,115,0,0,0,-0.0000463,0.7571798,115
1284,20307.62624,130,114,0,0,0,-0.0000396,0.7691789,115
1285,20339.70958,130,115,0,0,0,-0.0000216,0.742805,116
1286,20371.9318,130,114,0,0,0,-0.0000017,0.6831366,116
1287,20404.15402,130,115,0,0,0,-0.0000187,0.6042472,116
1288,20436.37624,130,114,0,0,0,-0.0000023,0.5166828,116
1289,20468.59847,130,115,0,0,0,-0.0000026,0.429603,116
1290,20500.6818,130,114,0,0,0,0.000015,0.3522124,115
1291,20532.62624,130,115,0,0,0,0.0000175,0.2914388,115
1292,20564.4318,130,114,0,0,0,0.0000211,0.2526005,114
1293,20596.09847,130,115,0,0,0,0.0000162,0.2362738,114
1294,20627.62624,130,114,0,0,0,0.000021,0.2401301,113
1295,20658.87624,130,115,0,0,0,0.000021,0.2581108,112
1296,20689.98736,130,114,0,0,0,0.000011,0.2825266,112
1297,20720.95958,130,115,0,0,0,0.0000138,0.309774,111
1298,20751.79291,130,114,0,0,0,0.0000082,0.3365334,111
1299,20782.62624,130,115,0,0,0,0.000013,0.3594468,111
1300,20813.45958,130,114,0,0,0,-0.0000029,0.3753111,111
1301,20844.29291,130,115,0,0,0,0.0000003,0.3823224,111
1302,20875.12624,130,114,0,0,0,0.0000012,0.3808927,111
1303,20905.95958,130,115,0,0,0,-0.0000064,0.3728481,111
1304,20936.79291,130,114,0,0,0,-0.0000181,0.3591483,111
1305,20967.62624,130,115,0,0,0,0.000002,0.342079,111
1306,20998.45958,130,114,0,0,0,0.0000034,0.3250485,111
1307,21029.4318,130,115,0,0,0,-0.0000241,0.3111445,112
1308,21060.54291,130,114,0,0,0,-0.0000262,0.3031707,112
1309,21091.65402,130,115,0,0,0,-0.0000225,0.3029559,112
1310,21122.76513,130,114,0,0,0,-0.0000137,0.3114214,112
1311,21153.87624,130,115,0,0,0,-0.0000228,0.3283726,112
1312,21184.98736,130,114,0,0,0,-0.0000153,0.3528785,112
1313,21216.23736,130,115,0,0,0,-0.0000315,0.3841866,113
1314,21247.62624,130,114,0,0,0,-0.0000113,0.4215022,113
1315,21279.01513,100,100,0,0,0,-0.0000139,0.4649024,113
1316,21310.40402,100,100,0,0,0,0.0000794,0.5139629,113
1317,21341.79291,100,100,0,0,0,0.0001776,0.5685955,113
1318,21373.1818,100,100,0,0,0,0.0002937,0.6287134,113
1319,21404.70958,100,100,0,0,0,0.000419,0.6945814,114
1320,21436.37624,100,100,0,0,0,0.000533,0.7662399,114
1321,21468.04291,100,100,0,0,0,0.0006611,0.8432522,114
1322,21499.70958,100,100,0,0,0,0.0007261,0.9254093,114
1323,21531.23736,100,100,0,0,0,0.0009051,1.0125709,113
1324,21562.62624,100,100,0,0,0,0.0010448,1.1037753,113
1325,21594.01513,100,100,0,0,0,0.0011965,1.1983921,113
1326,21625.40402,100,100,0,0,0,0.0013596,1.2949962,113
1327,21656.79291,100,100,0,0,0,0.0014219,1.3918513,113
1328,21688.1818,100,100,0,0,0,0.0010833,1.4869844,113
1329,21719.57069,100,100,0,0,0,0.0007056,1.5779174,113
1330,21750.95958,100,100,0,0,0,0.0003296,1.6624413,113
1331,21782.34847,100,100,0,0,0,-0.0000202,1.7385256,113
1332,21813.59847,100,100,0,0,0,-0.0003912,1.8033437,112
1333,21844.70958,100,100,0,0,0,-0.0006441,1.855782,112
1334,21875.82069,100,100,0,0,0,-0.0007072,1.894987,112
1335,21906.9318,100,100,0,0,0,-0.0007428,1.9203542,112
1336,21938.04291,100,100,0,0,0,-0.0007981,1.9318653,112
1337,21969.15402,100,100,0,0,0,-0.0008448,1.9300062,112
1338,22000.26513,100,100,0,0,0,-0.0008888,1.9166637,112
1339,22031.37624,100,100,0,0,0,-0.0009388,1.8946333,112
1340,22062.48736,100,100,0,0,0,-0.0009997,1.8653914,112
1341,22093.59847,100,100,0,0,0,-0.0010606,1.8306302,112
1342,22124.70958,100,100,0,0,0,-0.0011246,1.7911927,112
1343,22155.82069,100,100,0,0,0,-0.0011427,1.7474347,112
1344,22186.9318,100,100,0,0,0,-0.0010468,1.6990867,112
1345,22218.04291,100,100,0,0,0,-0.0008042,1.6441355,112
1346,22249.15402,100,100,0,0,0,-0.0006416,1.5806402,112
1347,22280.26513,100,100,0,0,0,-0.0004074,1.5083102,112
1348,22311.23736,100,100,0,0,0,-0.0002439,1.4283715,111
1349,22342.20958,100,100,0,0,0,-0.0000711,1.3423028,112
1350,22373.1818,100,100,0,0,0,0.0000233,1.2531106,111
1351,22404.15402,100,100,0,0,0,-0.0000038,1.1646476,112
1352,22435.26513,100,100,0,0,0,0.0000295,1.0796856,112
1353,22466.37624,100,100,0,0,0,-0.0000114,1.0006757,112
1354,22497.48736,100,100,0,0,0,0.0000127,0.9292707,112
1355,22528.59847,100,100,0,0,0,0.0000169,0.8665595,112
1356,22559.70958,100,100,0,0,0,-0.0000129,0.8129528,112
1357,22590.95958,100,100,0,0,0,-0.0000259,0.76704,113
1358,22622.34847,130,111,0,0,0,0.0000166,0.7291315,113
1359,22653.73736,130,112,0,0,0,-0.0000026,0.6991295,113
1360,22685.12624,130,111,0,0,0,0,0.676527,113
1361,22716.51513,130,111,0,0,0,-0.0000037,0.6610036,113
1362,22747.90402,130,111,0,0,0,-0.0000016,0.6534984,113
1363,22779.29291,130,112,0,0,0,-0.0000234,0.6538196,113
1364,22810.6818,130,111,0,0,0,0.0000108,0.6619244,113
1365,22842.07069,130,112,0,0,0,0.0000024,0.6763069,113
1366,22873.45958,130,111,0,0,0,-0.0000042,0.6951638,113
1367,22904.84847,130,112,0,0,0,0.0000002,0.7135987,113
1368,22936.37624,130,111,0,0,0,-0.0000167,0.7235486,114
1369,22968.04291,130,112,0,0,0,0.0000345,0.722159,114
1370,22999.70958,130,111,0,0,0,-0.0000101,0.7094076,114
1371,23031.37624,130,112,0,0,0,-0.0000031,0.6893456,114
1372,23063.04291,130,111,0,0,0,-0.0000009,0.6682466,114
1373,23094.70958,130,111,0,0,0,0.0000257,0.6562258,114
1374,23126.37624,130,112,0,0,0,-0.0000025,0.6688236,114
1375,23158.04291,130,111,0,0,0,0.0000007,0.7135606,114
1376,23189.70958,130,112,0,0,0,0.0000013,0.7980266,114
1377,23221.37624,130,111,0,0,0,-0.0000005,0.9228819,114
1378,23253.04291,130,112,0,0,0,0.0000063,1.0847927,114
1379,23284.57069,130,111,0,0,0,0.0000184,1.2770145,113
1380,23316.09847,130,112,0,0,0,0.000005,1.4925442,114
1381,23347.76513,130,111,0,0,0,0.0000004,1.7219231,114
1382,23379.4318,130,112,0,0,0,0.0000179,1.9549288,114
1383,23411.09847,130,111,0,0,0,0.0000046,2.1811565,114
1384,23442.62624,130,112,0,0,0,0.0000283,2.3896198,113
1385,23474.15402,130,110,0,0,0,0.0000897,2.5708799,114
1386,23505.82069,130,110,0,0,0,0.0001249,2.7196265,114
1387,23537.48736,130,110,0,0,0,0.0001761,2.8255202,114
1388,23569.15402,130,109,0,0,0,0.0002053,2.8799816,114
1389,23600.82069,130,110,0,0,0,0.0002554,2.8739804,114
1390,23632.48736,130,109,0,0,0,0.0003724,2.8017904,114
1391,23664.15402,130,110,0,0,0,0.0004581,2.6627516,114
1392,23695.82069,90,89,0,0,0,0.0005089,2.4628405,114
1393,23727.48736,90,89,0,0,0,0.0006093,2.2118135,114
1394,23759.15402,90,90,0,0,0,0.000722,1.9243955,114
1395,23790.82069,90,89,0,0,0,0.0007145,1.609484,114
1396,23822.48736,90,90,0,0,0,0.000621,1.2778818,114
1397,23854.15402,90,89,0,0,0,0.0005257,0.9390997,114
1398,23885.82069,90,89,0,0,0,0.000455,0.6017237,114
1399,23917.48736,90,90,0,0,0,0.0003283,0.2751919,114
1400,23949.15402,90,89,0,0,0,0.0002184,-0.0316305,114
1401,23980.82069,90,90,0,0,0,0.00016,-0.3085527,114
1402,24012.48736,90,89,0,0,0,0.0000267,-0.5503839,114
1403,24044.15402,90,90,0,0,0,-0.0000239,-0.7462639,114
1404,24075.82069,90,90,0,0,0,-0.0001074,-0.8920186,114
1405,24107.34847,90,89,0,0,0,-0.0000966,-0.9823068,113
1406,24138.73736,90,89,0,0,0,-0.0000069,-1.0105573,113
1407,24170.12624,90,90,0,0,0,0.0000868,-0.9753396,113
1408,24201.51513,90,89,0,0,0,0.0001401,-0.8769027,113
1409,24232.90402,90,89,0,0,0,0.0002703,-0.7219629,113
1410,24264.15402,90,90,0,0,0,0.0001775,-0.5168687,112
1411,24295.40402,90,89,0,0,0,-0.0001182,-0.2768663,113
1412,24326.79291,90,89,0,0,0,-0.0004995,-0.018742,113
1413,24358.1818,90,90,0,0,0,-0.0007921,0.2373792,113
1414,24389.4318,90,89,0,0,0,-0.0009264,0.4767136,112
1415,24420.26513,90,89,0,9,0,-0.0008726,0.6864174,110
1416,24450.40402,90,89,0,0,0,-0.0008313,0.8575203,107
1417,24479.70958,90,89,0,0,0,-0.0007782,0.9914893,104
1418,24508.32069,90,89,0,0,0,-0.0007713,1.0908652,102
1419,24536.23736,90,87,0,0,0,-0.0006678,1.1653087,99
1420,24563.45958,90,87,0,0,0,-0.0005119,1.216777,97
1421,24590.26513,90,87,0,0,0,-0.0003501,1.2484239,96
1422,24616.79291,90,86,0,0,0,-0.0001909,1.2621068,95
1423,24643.1818,90,87,0,0,0,-0.0000354,1.2614109,95
1424,24669.4318,90,85,0,0,0,0.0000386,1.2479612,94
1425,24695.54291,90,84,0,0,0,-0.0000083,1.2246526,94
1426,24721.51513,90,85,0,0,0,0.0000133,1.1945908,93
1427,24747.34847,90,84,0,0,0,0.0000222,1.1611281,93
1428,24772.90402,90,85,0,0,0,0.0000058,1.127132,91
1429,24798.04291,90,84,0,0,0,0.0000275,1.0959255,90
1430,24822.90402,90,83,0,0,0,-0.0000046,1.0696363,89
1431,24847.48736,90,83,0,0,0,0.0000002,1.0500099,88
1432,24871.79291,90,83,0,0,0,0.0000119,1.0383996,87
1433,24895.95958,90,83,0,0,0,0.0000236,1.0345812,87
1434,24920.12624,90,83,0,0,0,-0.0000032,1.0388785,87
1435,24944.15402,90,83,0,0,0,0.0000009,1.0490559,86
1436,24968.04291,90,83,0,0,0,-0.0000006,1.0631731,86
1437,24991.9318,90,83,0,0,0,0.000002,1.0771717,86
1438,25015.95958,90,83,0,0,0,0.000022,1.0885467,87
1439,25039.98736,90,83,0,0,0,0.000003,1.0959244,86
1440,25063.59847,90,83,0,0,0,0.0000043,1.0997411,84
1441,25086.51513,90,81,0,0,0,-0.0000015,1.1005842,81
1442,25108.73736,90,80,0,0,0,0.0000017,1.100164,79
1443,25130.54291,90,81,0,0,0,0.0000024,1.0997036,78
1444,25152.07069,90,81,0,0,0,-0.0000039,1.0994233,77
1445,25173.59847,90,80,0,0,0,0.0000003,1.0993319,78
1446,25195.40402,90,80,0,0,0,0.0000001,1.0994662,79
1447,25217.48736,90,80,0,0,0,0.0000053,1.0997921,80
1448,25239.84847,90,80,0,0,0,-0.0000003,1.1002277,81
1449,25262.62624,90,80,0,0,0,-0.0000202,1.1006378,83
1450,25285.82069,90,80,0,0,0,-0.0000108,1.1008536,84
1451,25309.4318,90,80,0,0,0,0,1.1008493,86
1452,25333.45958,90,79,0,0,0,0.0000013,1.1006207,87
1453,25357.76513,90,80,0,0,0,-0.0000143,1.1001535,88
1454,25382.34847,90,79,0,0,0,-0.000016,1.0994848,89
1455,25407.20958,90,80,0,4,0,0.0000014,1.0986614,90
1456,25432.20958,90,79,0,0,0,-0.0000224,1.0976982,90
1457,25457.20958,90,80,0,0,0,-0.0000122,1.0966044,90
1458,25482.34847,90,79,0,0,0,0.0000022,1.0954054,91
1459,25507.62624,90,80,0,0,0,-0.0000117,1.0941133,91
1460,25532.90402,90,79,0,0,0,-0.0000329,1.0927381,91
1461,25558.1818,90,80,0,0,0,0.0000152,1.0912688,91
1462,25583.45958,90,83,0,0,0,-0.000032,1.0897111,91
1463,25608.73736,90,84,0,0,0,-0.0000278,1.0880318,91
1464,25634.01513,90,83,0,0,0,-0.0000303,1.0862145,91
1465,25659.29291,90,84,0,0,0,0.0000154,1.0842534,91
1466,25684.57069,90,83,0,0,0,-0.0000261,1.0821238,91
1467,25709.70958,90,84,0,0,0,-0.0000068,1.0798202,90
1468,25734.70958,90,83,0,0,0,-0.0000034,1.0773516,90
1469,25759.70958,90,84,0,0,0,-0.0000008,1.0746687,90
1470,25784.70958,90,83,0,0,0,-0.0000024,1.0718032,90
1471,25809.57069,90,84,0,0,0,0.0000243,1.0687609,89
1472,25834.29291,90,84,0,0,0,0.0000037,1.0655588,89
1473,25859.01513,90,83,0,0,0,0.0000179,1.0621902,89
1474,25883.73736,90,84,0,0,0,0.0000379,1.0586814,89
1475,25908.45958,90,83,0,0,0,0.0000027,1.0550587,89
1476,25933.1818,90,84,0,0,0,0.0000525,1.0513547,89
1477,25957.90402,90,83,0,0,0,0.0000222,1.0475871,89
1478,25982.62624,90,84,0,0,0,0.0000132,1.0436131,89
1479,26007.34847,90,83,0,0,0,0.0000599,1.0393261,89
1480,26032.07069,90,84,0,0,0,0.0000516,1.0346867,89
1481,26056.79291,90,85,0,0,0,0.0000186,1.0298166,89
1482,26081.51513,90,86,0,0,0,0.0000566,1.0248745,89
1483,26106.23736,90,85,0,0,0,0.0000507,1.0200967,89
1484,26130.95958,90,86,0,0,0,0.0000606,1.0156988,89
1485,26155.6818,90,85,0,0,0,0.000049,1.0120109,89
1486,26180.40402,90,86,0,0,0,0.0000679,1.0092103,89
1487,26205.26513,90,86,0,0,0,0.0000565,1.0078837,90
1488,26230.26513,90,87,0,0,0,0.0000354,1.0085457,90
1489,26255.26513,90,86,0,0,0,0.0000436,1.0117929,90
1490,26280.26513,90,87,0,0,0,0.000076,1.0177247,90
1491,26305.26513,90,86,0,0,0,0.0000302,1.0260711,90
1492,26330.26513,90,87,0,0,0,0.0000372,1.0366927,90
1493,26355.26513,90,87,0,0,0,0.0000633,1.0492189,90
1494,26380.26513,90,86,0,0,0,0.0000529,1.0629901,90
1495,26405.26513,90,87,0,0,0,0.0000325,1.0774295,90
1496,26430.40402,90,86,0,0,0,0.0000523,1.0920381,91
1497,26455.6818,90,87,0,0,0,0.0000557,1.1060213,91
1498,26480.95958,90,86,0,0,0,0.0000374,1.1180935,91
1499,26506.23736,90,87,0,7,0,0.0000411,1.1263864,91
1500,26531.51513,90,87,0,0,0,0.0000367,1.1320184,91
1501,26556.65402,90,89,0,0,0,0.0000536,1.1368966,90
1502,26581.65402,90,89,0,0,0,0.0000375,1.1406605,90
1503,26606.65402,90,89,0,0,0,0.0000493,1.1401952,90
1504,26631.65402,90,89,0,0,0,0.0000429,1.1338634,90
1505,26656.65402,90,89,0,0,0,0.0000208,1.1199207,90
1506,26681.65402,90,89,0,0,0,0.0000362,1.0987587,90
1507,26706.65402,90,89,0,0,0,0.0000271,1.0706154,90
1508,26731.65402,90,89,0,0,0,0.0000433,1.0377723,90
1509,26756.65402,90,89,0,0,0,0.0000126,1.0033047,90
1510,26781.51513,90,89,0,0,0,0.0000218,0.9695015,89
1511,26806.23736,90,89,0,0,0,0.0000067,0.9382911,89
1512,26830.95958,90,89,0,0,0,0.0000214,0.9101738,89
1513,26855.6818,90,89,0,0,0,0.0000267,0.8860142,89
1514,26880.40402,90,89,0,0,0,-0.0000242,0.8674153,89
1515,26905.12624,90,89,0,0,0,-0.000018,0.8547905,89
1516,26929.84847,90,89,0,0,0,-0.0000144,0.8495007,89
1517,26954.57069,90,89,0,0,0,-0.0000737,0.8515333,89
1518,26979.29291,90,89,0,0,0,-0.0000938,0.8563402,89
1519,27004.01513,90,89,0,0,0,-0.0001148,0.8609917,89
1520,27028.73736,90,89,0,8,0,-0.0001576,0.8633808,89
1521,27053.45958,90,89,0,0,0,-0.0001695,0.8608727,89
1522,27078.1818,90,89,0,0,0,-0.000213,0.8543854,89
1523,27102.90402,90,89,0,0,0,-0.0002262,0.8496302,89
1524,27127.62624,90,89,0,8,0,-0.0002802,0.851927,89
1525,27152.34847,90,89,0,0,0,-0.0002608,0.8606017,89
1526,27177.07069,90,89,0,7,0,-0.0006444,0.8700723,89
1527,27201.79291,40,59,0,0,0,-0.0014137,0.8794713,89
1528,27226.51513,40,38,0,0,0,-0.0008293,0.8965092,89
1529,27251.23736,40,40,0,0,0,0.0003304,0.9222459,89
1530,27275.95958,40,40,0,0,0,0.0010494,0.9490136,89
1531,27300.6818,40,40,0,0,0,0.0009896,0.9687655,89
1532,27325.40402,40,40,0,0,0,0.0008929,0.9768471,89
1533,27350.26513,40,40,0,0,0,0.0008108,0.9707339,90
1534,27375.26513,40,40,0,0,0,0.0006667,0.9508079,90
1535,27400.26513,40,40,0,0,0,0.000603,0.9254177,90
1536,27425.26513,40,40,0,0,0,0.0003956,0.901392,90
1537,27450.26513,40,40,0,0,0,0.0000274,0.8824693,90
1538,27475.26513,40,40,0,0,0,-0.0002456,0.8686732,90
1539,27500.26513,40,40,0,0,0,-0.000572,0.8578555,90
1540,27525.40402,40,40,0,0,0,-0.0009367,0.8481757,91
1541,27550.6818,40,40,0,0,0,-0.0012988,0.8376768,91
1542,27575.95958,40,40,0,0,0,-0.0031174,0.8246497,91
1543,27601.23736,40,40,0,0,0,-0.0121561,0.8115068,91
1544,27626.37624,40,40,0,0,0,-0.0060687,0.7883032,90
1545,27650.95958,40,40,0,0,0,0.0091309,0.7699315,87
1546,27674.98736,40,40,0,0,0,0.0101966,0.651246,86
1547,27698.59847,40,40,0,0,0,0.0070093,0.6390012,84
1548,27721.65402,40,40,0,0,0,0.0055625,0.6208458,82
1549,27744.29291,40,40,0,0,0,0.0067152,0.6028307,81
1550,27766.51513,40,40,0,0,0,0.00892,0.5862414,79
1551,27788.1818,40,40,0,0,0,0.0092711,0.5711493,77
1552,27809.4318,40,40,0,0,0,0.0042195,0.5572499,76
1553,27830.26513,40,40,0,0,0,0.0001408,0.5441217,74
1554,27850.54291,40,38,0,0,0,-0.0031456,0.5314556,72
1555,27870.40402,90,56,0,0,0,-0.0065937,0.5189969,71
1556,27889.84847,90,56,0,0,0,-0.0092298,0.5066208,69
1557,27908.73736,90,58,0,0,0,-0.0059972,0.4943364,67
1558,27927.20958,90,58,0,0,0,-0.0016911,0.481712,66
1559,27945.26513,90,58,0,0,0,0.0006806,0.4682285,64
1560,27963.04291,90,58,0,0,0,0.0007034,0.453783,64
1561,27980.82069,90,58,0,0,0,0.0004704,0.4377941,64
1562,27998.59847,90,58,0,0,0,0.0002107,0.4201374,64
1563,28016.23736,90,58,0,0,0,-0.0000789,0.4004749,63
1564,28033.73736,90,58,0,0,0,-0.0003096,0.3788447,63
1565,28051.23736,90,58,0,0,0,-0.0005981,0.3544434,63
1566,28068.59847,90,58,0,0,0,-0.0005977,0.3272395,62
1567,28085.6818,90,40,0,0,0,-0.00012,0.2975343,61
1568,28102.34847,90,40,0,0,0,0.0005322,0.2647637,59
1569,28118.04291,90,40,0,0,0,0.0011445,0.2307794,54
1570,28132.20958,90,40,0,0,0,0.0016689,0.1966366,48
1571,28144.57069,90,40,0,0,0,0.0021238,0.1645543,41
1572,28154.84847,90,40,0,0,0,0.0024045,0.1358012,33
1573,28162.90402,90,40,0,0,0,0.0024487,0.1118042,25
1574,28169.15402,90,40,0,0,0,0.0023122,0.0925161,20
1575,28174.4318,90,40,0,0,0,0.0021042,0.0757473,18
1576,28179.01513,90,40,0,0,0,0.0018965,0.0607427,15
1577,28183.04291,90,40,0,0,0,0.0017185,0.0471676,14
1578,28186.65402,90,40,0,0,0,0.0015673,0.0346903,12
1579,28189.4318,90,40,0,0,0,0.001456,0.0249066,8
1580,28191.09847,90,40,0,0,0,0.0013909,0.0189621,4
1581,28192.07069,90,40,0,0,0,0.0013536,0.0154688,3
1582,28192.90402,90,40,0,0,0,0.0013219,0.0124593,3
1583,28194.15402,90,40,0,0,0,0.0012747,0.0079183,6
1584,28196.65402,90,40,0,0,0,0.0011819,-0.0012617,12
1585,28200.40402,90,40,0,0,0,0.0010451,-0.0152837,15
1586,28204.84847,90,40,0,0,0,0.0008859,-0.0323051,17
1587,28210.26513,90,40,0,0,0,0.0006997,-0.0536498,22
1588,28217.07069,90,40,0,0,0,0.000464,-0.0814201,27
1589,28224.84847,90,40,0,0,0,0.0001154,-0.1145001,29
1590,28232.90402,90,40,0,0,0,-0.0001671,-0.1503121,29
1591,28241.37624,90,40,0,0,0,-0.0004188,-0.189738,32
1592,28250.82069,90,40,0,0,0,-0.0009026,-0.2359182,36
1593,28261.23736,90,40,0,0,0,-0.0011858,-0.2896517,39
1594,28272.48736,90,40,0,0,0,-0.0016804,-0.3510824,42
1595,28284.4318,90,40,0,0,0,-0.0020973,-0.42039,44
1596,28296.51513,90,40,0,0,0,-0.0024144,-0.4948979,43
1597,28308.45958,90,40,0,0,0,-0.0011103,-0.5730622,43
1598,28320.40402,90,40,0,0,0,0.0007328,-0.6560027,43
1599,28332.48736,90,40,0,0,0,0.0026052,-0.7450529,44
1600,28344.84847,90,40,0,0,0,0.0046493,-0.841661,45
1601,28357.34847,90,40,0,0,0,0.0064455,-0.9449716,45
1602,28369.70958,90,40,0,0,0,0.0080221,-1.0524247,44
1603,28381.9318,90,39,0,0,0,-0.0036009,-1.1634223,44
1604,28393.73736,90,39,0,0,0,-0.0456716,-1.2748221,41
1605,28405.26513,90,39,0,0,0,-0.1330708,-1.3872927,42
1606,28417.20958,90,39,0,0,0,-0.2895613,-1.5073899,44
1607,28429.57069,90,39,0,0,0,-0.541382,-1.6351804,45
1608,28442.20958,90,39,0,0,0,-0.9142141,-1.7691891,46
1609,28454.98736,90,39,0,0,0,-1.4316065,-1.907754,46
1610,28467.90402,90,39,0,0,0,-2.120873,-2.050607,47
1611,28481.23736,90,39,0,0,0,-3.0320795,-2.2006058,49
1612,28494.98736,90,39,0,0,0,-4.2108336,-2.3575598,50
1613,28509.01513,90,39,0,0,0,-5.6921506,-2.5195927,51
1614,28523.45958,90,39,0,0,0,-7.5426667,-2.6879485,53
1615,28538.32069,90,39,0,0,0,-9.8246219,-2.8622122,54
1616,28553.59847,90,39,0,0,0,-12.6069099,-3.041878,56
1617,28569.29291,90,39,0,0,0,-15.9654928,-3.2263422,57
1618,28585.40402,90,39,0,0,0,-19.9838272,-3.4148965,59
1619,28601.65402,90,39,0,0,0,-24.6674662,-3.6035149,58
1620,28617.62624,90,39,0,0,0,-29.9326666,-3.7866591,57
1621,28633.32069,90,39,0,0,0,-35.7877132,-3.9637546,56
1622,28648.87624,90,39,0,0,0,-42.2984168,-4.1358159,56
1623,28664.57069,90,39,0,0,0,-49.6221364,-4.3052475,57
1624,28680.26513,90,39,0,0,0,-57.7453748,-4.4698236,56
1625,28695.82069,90,39,0,0,0,-66.6263956,-4.62749,56
1626,28711.23736,90,39,0,0,0,-76.2828477,-4.7777456,55
1627,28726.23736,90,39,0,0,0,-86.5324618,-4.9175955,53
1628,28740.6818,90,39,0,0,0,-97.2327385,-5.0457979,51
1629,28754.57069,90,39,0,0,0,-108.3201218,-5.1625901,49
1630,28767.62624,90,39,0,0,0,-119.4821853,-5.2661604,45
1631,28779.57069,90,39,0,0,0,-130.3431129,-5.355304,41
1632,28790.26513,90,39,0,0,0,-140.6089183,-5.4303177,36
1633,28799.29291,90,39,0,0,0,-149.6831306,-5.4899466,29
1634,28806.23736,90,39,0,0,0,-156.9229146,-5.5334278,21
1635,28811.79291,90,39,0,0,0,-162.8799553,-5.5666748,19
1636,28816.9318,90,39,0,0,0,-168.5226964,-5.596183,18
1637,28821.65402,90,39,0,0,0,-173.8214503,-5.6222227,16
1638,28825.95958,90,39,0,0,0,-178.748417,-5.6450507,15
1639,28830.12624,90,39,0,0,0,-183.6042398,-5.6662985,15
1640,28834.4318,90,39,0,0,0,-188.7134719,-5.6873693,16
1641,28839.15402,90,39,0,0,0,-194.4251424,-5.7094283,18
1642,28844.29291,90,39,0,0,0,-200.7704392,-5.7321634,19
1643,28849.4318,90,39,0,0,0,-207.2522839,-5.7535517,18
1644,28854.15402,90,39,0,0,0,-213.33021,-5.7719982,16
1645,28858.32069,90,39,0,0,0,-218.790758,-5.7872989,14
1646,28861.9318,90,39,0,0,0,-223.5979277,-5.7998094,12
1647,28864.98736,90,39,0,0,0,-227.7201009,-5.8098448,10
1648,28867.48736,90,39,0,0,0,-231.1302207,-5.8176767,8
1649,28869.29291,90,39,0,0,0,-233.6141392,-5.8231193,5
